idx,status,time_to_process,arrival_time,time_to_arrive,qty_tshirt,qty_hoodie,qty_spants,qty_sneaks,allocated_tshirt,allocated_hoodie,allocated_spants,allocated_sneaks,time_to_complete
1,CustomerOrderStatus.SHIPPED,320.5325785749337,120.4674214250663,120.4674214250663,0,1,0,0,0,1,0,0,441.0
0,CustomerOrderStatus.SHIPPED,460.15479583102945,111.84520416897057,111.84520416897057,1,0,1,0,1,0,1,0,572.0
3,CustomerOrderStatus.SHIPPED,400.1601558421427,460.8398441578573,460.8398441578573,1,1,0,0,1,1,0,0,861.0
4,CustomerOrderStatus.SHIPPED,400.14452148141,470.85547851859,470.85547851859,1,1,0,0,1,1,0,0,871.0
5,CustomerOrderStatus.SHIPPED,360.96689244604056,546.0331075539594,546.0331075539594,3,0,0,0,3,0,0,0,907.0
2,CustomerOrderStatus.SHIPPED,540.5636716990839,387.4363283009161,387.4363283009161,2,0,0,1,2,0,0,1,928.0
6,CustomerOrderStatus.SHIPPED,480.0747007753355,741.9252992246645,741.9252992246645,1,1,1,0,1,1,1,0,1222.0
7,CustomerOrderStatus.SHIPPED,460.0796172535761,872.9203827464239,872.9203827464239,1,0,1,0,1,0,1,0,1333.0
9,CustomerOrderStatus.SHIPPED,320.66901626192794,1212.330983738072,1212.330983738072,1,0,0,0,1,0,0,0,1533.0
8,CustomerOrderStatus.SHIPPED,400.61960083748636,1152.3803991625136,1152.3803991625136,0,1,1,0,0,1,1,0,1553.0
10,CustomerOrderStatus.SHIPPED,340.40648547735645,1351.5935145226435,1351.5935145226435,2,0,0,0,2,0,0,0,1692.0
11,CustomerOrderStatus.SHIPPED,327.00092550832437,1404.9990744916756,1404.9990744916756,0,0,0,1,0,0,0,1,1732.0
14,CustomerOrderStatus.SHIPPED,340.1826797150309,1609.8173202849691,1609.8173202849691,2,0,0,0,2,0,0,0,1950.0
12,CustomerOrderStatus.SHIPPED,480.4283943939124,1490.5716056060876,1490.5716056060876,1,0,2,0,1,0,2,0,1971.0
15,CustomerOrderStatus.SHIPPED,320.53627919281735,1701.4637208071827,1701.4637208071827,1,0,0,0,1,0,0,0,2022.0
13,CustomerOrderStatus.SHIPPED,480.02562567866516,1606.9743743213348,1606.9743743213348,1,1,1,0,1,1,1,0,2087.0
17,CustomerOrderStatus.SHIPPED,320.18091456583056,1909.8190854341694,1909.8190854341694,1,0,0,0,1,0,0,0,2230.0
16,CustomerOrderStatus.SHIPPED,500.0482808332158,1875.9517191667842,1875.9517191667842,2,1,1,0,2,1,1,0,2376.0
19,CustomerOrderStatus.SHIPPED,420.7556387612574,1967.2443612387426,1967.2443612387426,2,1,0,0,2,1,0,0,2388.0
18,CustomerOrderStatus.SHIPPED,499.6064069761844,1946.3935930238156,1946.3935930238156,0,2,2,0,0,2,2,0,2446.0
20,CustomerOrderStatus.SHIPPED,420.555658984455,2048.444341015545,2048.444341015545,2,1,0,0,2,1,0,0,2469.0
21,CustomerOrderStatus.SHIPPED,400.34170866417253,2106.6582913358275,2106.6582913358275,0,1,1,0,0,1,1,0,2507.0
22,CustomerOrderStatus.SHIPPED,366.7901013033379,2190.209898696662,2190.209898696662,2,0,0,0,2,0,0,0,2557.0
25,CustomerOrderStatus.SHIPPED,330.8682562810818,2317.131743718918,2317.131743718918,0,0,1,0,0,0,1,0,2648.0
23,CustomerOrderStatus.SHIPPED,568.1413116101157,2217.8586883898843,2217.8586883898843,1,1,1,0,1,1,1,0,2786.0
26,CustomerOrderStatus.SHIPPED,479.8880989207546,2329.1119010792454,2329.1119010792454,0,1,1,0,0,1,1,0,2809.0
24,CustomerOrderStatus.SHIPPED,617.45257203559,2239.54742796441,2239.54742796441,1,0,0,2,1,0,0,2,2857.0
28,CustomerOrderStatus.SHIPPED,373.3974671734645,2523.6025328265355,2523.6025328265355,0,0,1,0,0,0,1,0,2897.0
29,CustomerOrderStatus.SHIPPED,320.4693534886205,2624.5306465113795,2624.5306465113795,1,0,0,0,1,0,0,0,2945.0
27,CustomerOrderStatus.SHIPPED,480.4707347181311,2493.529265281869,2493.529265281869,2,0,1,0,2,0,1,0,2974.0
31,CustomerOrderStatus.SHIPPED,343.81940662695524,2735.1805933730448,2735.1805933730448,1,0,0,0,1,0,0,0,3079.0
30,CustomerOrderStatus.SHIPPED,469.8774222198367,2676.1225777801633,2676.1225777801633,0,2,1,0,0,2,1,0,3146.0
32,CustomerOrderStatus.SHIPPED,320.06948260481886,2916.930517395181,2916.930517395181,1,0,0,0,1,0,0,0,3237.0
34,CustomerOrderStatus.SHIPPED,320.86446757289286,2997.135532427107,2997.135532427107,1,0,0,0,1,0,0,0,3318.0
33,CustomerOrderStatus.SHIPPED,460.13972365506334,2989.8602763449367,2989.8602763449367,1,0,1,0,1,0,1,0,3450.0
35,CustomerOrderStatus.SHIPPED,400.6667120522857,3153.3332879477143,3153.3332879477143,1,1,0,0,1,1,0,0,3554.0
37,CustomerOrderStatus.SHIPPED,320.29905831508813,3317.700941684912,3317.700941684912,0,0,0,1,0,0,0,1,3638.0
36,CustomerOrderStatus.SHIPPED,580.4805831533704,3284.5194168466296,3284.5194168466296,3,1,0,1,3,1,0,1,3865.0
39,CustomerOrderStatus.SHIPPED,460.4051897593954,3415.5948102406046,3415.5948102406046,1,0,1,0,1,0,1,0,3876.0
38,CustomerOrderStatus.SHIPPED,540.1480108099745,3357.8519891900255,3357.8519891900255,1,1,0,1,1,1,0,1,3898.0
42,CustomerOrderStatus.SHIPPED,445.64529497949843,3472.3547050205016,3472.3547050205016,0,0,0,1,0,0,0,1,3918.0
41,CustomerOrderStatus.SHIPPED,509.8450725783232,3458.154927421677,3458.154927421677,2,2,0,0,2,2,0,0,3968.0
40,CustomerOrderStatus.SHIPPED,540.6484542367625,3438.3515457632375,3438.3515457632375,1,0,1,1,1,0,1,1,3979.0
44,CustomerOrderStatus.SHIPPED,646.472020645383,3499.527979354617,3499.527979354617,1,0,0,0,1,0,0,0,4146.0
47,CustomerOrderStatus.SHIPPED,668.0297779533703,3609.9702220466297,3609.9702220466297,0,1,1,0,0,1,1,0,4278.0
45,CustomerOrderStatus.SHIPPED,769.5401009002899,3568.45989909971,3568.45989909971,2,1,1,0,2,1,1,0,4338.0
43,CustomerOrderStatus.SHIPPED,845.788021928623,3492.211978071377,3492.211978071377,1,1,0,1,1,1,0,1,4338.0
46,CustomerOrderStatus.SHIPPED,802.336937775458,3595.663062224542,3595.663062224542,1,0,2,0,1,0,2,0,4398.0
48,CustomerOrderStatus.SHIPPED,639.5660662594219,3779.433933740578,3779.433933740578,1,1,2,0,1,1,2,0,4419.0
49,CustomerOrderStatus.SHIPPED,400.76125736517315,4106.238742634827,4106.238742634827,0,1,1,0,0,1,1,0,4507.0
50,CustomerOrderStatus.SHIPPED,600.8958755743479,4313.104124425652,4313.104124425652,2,0,2,2,2,0,2,2,4914.0
51,CustomerOrderStatus.SHIPPED,460.3113226452606,4710.688677354739,4710.688677354739,1,0,1,0,1,0,1,0,5171.0
53,CustomerOrderStatus.SHIPPED,320.63089341225714,4993.369106587743,4993.369106587743,0,1,0,0,0,1,0,0,5314.0
52,CustomerOrderStatus.SHIPPED,600.4847449896388,4715.515255010361,4715.515255010361,3,1,1,1,3,1,1,1,5316.0
55,CustomerOrderStatus.SHIPPED,320.39439556826073,5497.605604431739,5497.605604431739,0,1,0,0,0,1,0,0,5818.0
56,CustomerOrderStatus.SHIPPED,340.3735535322676,5557.626446467732,5557.626446467732,2,0,0,0,2,0,0,0,5898.0
54,CustomerOrderStatus.SHIPPED,540.1232679197756,5412.876732080224,5412.876732080224,1,0,1,1,1,0,1,1,5953.0
58,CustomerOrderStatus.SHIPPED,500.08703616040566,5656.912963839594,5656.912963839594,1,2,1,0,1,2,1,0,6157.0
57,CustomerOrderStatus.SHIPPED,540.1590409971122,5651.840959002888,5651.840959002888,2,0,0,1,2,0,0,1,6192.0
59,CustomerOrderStatus.SHIPPED,500.89343643780194,5710.106563562198,5710.106563562198,1,1,2,0,1,1,2,0,6211.0
61,CustomerOrderStatus.SHIPPED,320.1603956412091,6019.839604358791,6019.839604358791,0,0,0,1,0,0,0,1,6340.0
60,CustomerOrderStatus.SHIPPED,520.5315711212925,6018.4684288787075,6018.4684288787075,1,0,0,1,1,0,0,1,6539.0
65,CustomerOrderStatus.SHIPPED,320.6540336427888,6222.345966357211,6222.345966357211,0,0,1,0,0,0,1,0,6543.0
64,CustomerOrderStatus.SHIPPED,340.3714108246795,6216.6285891753205,6216.6285891753205,0,2,0,0,0,2,0,0,6557.0
62,CustomerOrderStatus.SHIPPED,520.9036456649574,6070.096354335043,6070.096354335043,1,0,0,1,1,0,0,1,6591.0
63,CustomerOrderStatus.SHIPPED,535.2353849505043,6077.764615049496,6077.764615049496,3,0,1,0,3,0,1,0,6613.0
66,CustomerOrderStatus.SHIPPED,320.5905451892322,6305.409454810768,6305.409454810768,0,0,1,0,0,0,1,0,6626.0
67,CustomerOrderStatus.SHIPPED,520.8140955279077,6632.185904472092,6632.185904472092,1,3,1,0,1,3,1,0,7153.0
68,CustomerOrderStatus.SHIPPED,500.4028163442281,6806.597183655772,6806.597183655772,2,1,1,0,2,1,1,0,7307.0
70,CustomerOrderStatus.SHIPPED,320.4105645696518,7125.589435430348,7125.589435430348,1,0,0,0,1,0,0,0,7446.0
71,CustomerOrderStatus.SHIPPED,340.1275698481804,7169.87243015182,7169.87243015182,2,0,0,0,2,0,0,0,7510.0
69,CustomerOrderStatus.SHIPPED,520.2074830073525,7072.7925169926475,7072.7925169926475,1,0,0,1,1,0,0,1,7593.0
72,CustomerOrderStatus.SHIPPED,500.2880247551748,7183.711975244825,7183.711975244825,2,1,1,0,2,1,1,0,7684.0
73,CustomerOrderStatus.SHIPPED,400.0236585264929,7323.976341473507,7323.976341473507,1,1,0,0,1,1,0,0,7724.0
74,CustomerOrderStatus.SHIPPED,500.55518433580255,7482.444815664197,7482.444815664197,2,1,1,0,2,1,1,0,7983.0
75,CustomerOrderStatus.SHIPPED,340.9199974369203,7766.08000256308,7766.08000256308,0,0,0,2,0,0,0,2,8107.0
76,CustomerOrderStatus.SHIPPED,320.8448735723923,7906.155126427608,7906.155126427608,0,0,0,1,0,0,0,1,8227.0
77,CustomerOrderStatus.SHIPPED,580.7593061246753,8532.240693875325,8532.240693875325,3,0,1,1,3,0,1,1,9113.0
79,CustomerOrderStatus.SHIPPED,320.1526492711582,8949.847350728842,8949.847350728842,1,0,0,0,1,0,0,0,9270.0
78,CustomerOrderStatus.SHIPPED,520.935307228794,8793.064692771206,8793.064692771206,1,0,0,1,1,0,0,1,9314.0
80,CustomerOrderStatus.SHIPPED,500.70988346442573,9055.290116535574,9055.290116535574,2,0,2,0,2,0,2,0,9556.0
82,CustomerOrderStatus.SHIPPED,320.52712449731735,9325.472875502683,9325.472875502683,0,1,0,0,0,1,0,0,9646.0
81,CustomerOrderStatus.SHIPPED,485.87982737624407,9220.120172623756,9220.120172623756,1,1,1,0,1,1,1,0,9706.0
83,CustomerOrderStatus.SHIPPED,400.5410920676786,9356.458907932321,9356.458907932321,1,1,0,0,1,1,0,0,9757.0
84,CustomerOrderStatus.SHIPPED,320.81587453355496,9782.184125466445,9782.184125466445,0,1,0,0,0,1,0,0,10103.0
86,CustomerOrderStatus.SHIPPED,320.9584910919457,9980.041508908054,9980.041508908054,1,0,0,0,1,0,0,0,10301.0
85,CustomerOrderStatus.SHIPPED,560.7766357794353,9949.223364220565,9949.223364220565,1,0,2,1,1,0,2,1,10510.0
87,CustomerOrderStatus.SHIPPED,407.1215081143164,10152.878491885684,10152.878491885684,1,1,0,0,1,1,0,0,10560.0
88,CustomerOrderStatus.SHIPPED,560.936086981952,10411.063913018048,10411.063913018048,1,1,1,1,1,1,1,1,10972.0
89,CustomerOrderStatus.SHIPPED,340.22558881747864,10668.774411182521,10668.774411182521,2,0,0,0,2,0,0,0,11009.0
90,CustomerOrderStatus.SHIPPED,520.3397857755208,10712.66021422448,10712.66021422448,1,0,0,1,1,0,0,1,11233.0
91,CustomerOrderStatus.SHIPPED,480.318477494091,10761.681522505909,10761.681522505909,2,0,1,0,2,0,1,0,11242.0
92,CustomerOrderStatus.SHIPPED,480.8395125275074,10886.160487472493,10886.160487472493,1,1,1,0,1,1,1,0,11367.0
93,CustomerOrderStatus.SHIPPED,480.7780639571538,11167.221936042846,11167.221936042846,1,1,1,0,1,1,1,0,11648.0
94,CustomerOrderStatus.SHIPPED,400.53492048330554,11691.465079516694,11691.465079516694,0,1,1,0,0,1,1,0,12092.0
95,CustomerOrderStatus.SHIPPED,320.48198170467185,11942.518018295328,11942.518018295328,1,0,0,0,1,0,0,0,12263.0
96,CustomerOrderStatus.SHIPPED,320.7496931262922,12064.250306873708,12064.250306873708,0,1,0,0,0,1,0,0,12385.0
97,CustomerOrderStatus.SHIPPED,320.67659688318963,12537.32340311681,12537.32340311681,0,0,1,0,0,0,1,0,12858.0
98,CustomerOrderStatus.SHIPPED,480.92412687481374,12562.075873125186,12562.075873125186,2,0,1,0,2,0,1,0,13043.0
99,CustomerOrderStatus.SHIPPED,340.2353619989517,12816.764638001048,12816.764638001048,2,0,0,0,2,0,0,0,13157.0
100,CustomerOrderStatus.SHIPPED,440.94604998821524,13071.053950011785,13071.053950011785,0,1,3,0,0,1,3,0,13512.0
101,CustomerOrderStatus.SHIPPED,440.3906820169941,13214.609317983006,13214.609317983006,2,2,0,0,2,2,0,0,13655.0
102,CustomerOrderStatus.SHIPPED,520.3886617504977,13629.611338249502,13629.611338249502,1,0,0,1,1,0,0,1,14150.0
103,CustomerOrderStatus.SHIPPED,340.49276213257326,14112.507237867427,14112.507237867427,0,2,0,0,0,2,0,0,14453.0
104,CustomerOrderStatus.SHIPPED,320.9277317964661,14261.072268203534,14261.072268203534,1,0,0,0,1,0,0,0,14582.0
105,CustomerOrderStatus.SHIPPED,480.21348416133515,14829.786515838665,14829.786515838665,2,0,1,0,2,0,1,0,15310.0
106,CustomerOrderStatus.SHIPPED,580.8552214109895,15092.14477858901,15092.14477858901,2,0,2,1,2,0,2,1,15673.0
107,CustomerOrderStatus.SHIPPED,320.2165724190054,16789.783427580995,16789.783427580995,0,1,0,0,0,1,0,0,17110.0
108,CustomerOrderStatus.SHIPPED,500.24096119407113,17038.75903880593,17038.75903880593,1,1,2,0,1,1,2,0,17539.0
109,CustomerOrderStatus.SHIPPED,460.09529930142526,17557.904700698575,17557.904700698575,1,0,1,0,1,0,1,0,18018.0
110,CustomerOrderStatus.SHIPPED,400.7882496468919,18233.211750353108,18233.211750353108,0,1,1,0,0,1,1,0,18634.0
111,CustomerOrderStatus.SHIPPED,500.7453581793343,19196.254641820666,19196.254641820666,1,2,1,0,1,2,1,0,19697.0
112,CustomerOrderStatus.SHIPPED,320.7368738678015,19479.2631261322,19479.2631261322,0,0,1,0,0,0,1,0,19800.0
114,CustomerOrderStatus.SHIPPED,480.5633481075092,19623.43665189249,19623.43665189249,0,1,1,1,0,1,1,1,20104.0
113,CustomerOrderStatus.SHIPPED,540.8344240468759,19615.165575953124,19615.165575953124,1,0,0,2,1,0,0,2,20156.0
115,CustomerOrderStatus.SHIPPED,460.4775296570624,19728.522470342938,19728.522470342938,1,0,1,0,1,0,1,0,20189.0
116,CustomerOrderStatus.SHIPPED,360.5155911617803,19880.48440883822,19880.48440883822,3,0,0,0,3,0,0,0,20241.0
117,CustomerOrderStatus.SHIPPED,500.0641925213531,20048.935807478647,20048.935807478647,1,1,2,0,1,1,2,0,20549.0
118,CustomerOrderStatus.SHIPPED,340.3380560683581,20446.661943931642,20446.661943931642,0,0,0,2,0,0,0,2,20787.0
119,CustomerOrderStatus.SHIPPED,320.6639533321795,21155.33604666782,21155.33604666782,1,0,0,0,1,0,0,0,21476.0
120,CustomerOrderStatus.SHIPPED,480.8941771513273,21291.105822848673,21291.105822848673,1,1,1,0,1,1,1,0,21772.0
121,CustomerOrderStatus.SHIPPED,520.0662510175171,21472.933748982483,21472.933748982483,4,0,1,0,4,0,1,0,21993.0
122,CustomerOrderStatus.SHIPPED,480.0902705340013,22545.909729466,22545.909729466,2,0,1,0,2,0,1,0,23026.0
123,CustomerOrderStatus.SHIPPED,520.0025413635994,22575.9974586364,22575.9974586364,1,0,0,1,1,0,0,1,23096.0
124,CustomerOrderStatus.SHIPPED,480.2255314215763,22726.774468578424,22726.774468578424,1,0,2,0,1,0,2,0,23207.0
125,CustomerOrderStatus.SHIPPED,320.690791339719,22965.30920866028,22965.30920866028,0,0,1,0,0,0,1,0,23286.0
126,CustomerOrderStatus.SHIPPED,340.4949235281929,23003.505076471807,23003.505076471807,2,0,0,0,2,0,0,0,23344.0
127,CustomerOrderStatus.SHIPPED,340.8546949644442,23151.145305035556,23151.145305035556,2,0,0,0,2,0,0,0,23492.0
128,CustomerOrderStatus.SHIPPED,320.0644900156585,23612.93550998434,23612.93550998434,0,1,0,0,0,1,0,0,23933.0
129,CustomerOrderStatus.SHIPPED,320.67462427624923,23788.32537572375,23788.32537572375,0,1,0,0,0,1,0,0,24109.0
130,CustomerOrderStatus.SHIPPED,480.6758899778397,24175.32411002216,24175.32411002216,0,1,1,1,0,1,1,1,24656.0
132,CustomerOrderStatus.SHIPPED,420.1440344958464,24512.855965504154,24512.855965504154,2,1,0,0,2,1,0,0,24933.0
131,CustomerOrderStatus.SHIPPED,520.1633355323102,24438.83666446769,24438.83666446769,1,0,0,1,1,0,0,1,24959.0
134,CustomerOrderStatus.SHIPPED,320.50843647284637,25081.491563527154,25081.491563527154,0,0,1,0,0,0,1,0,25402.0
133,CustomerOrderStatus.SHIPPED,440.04738147378885,25072.95261852621,25072.95261852621,3,1,0,0,3,1,0,0,25513.0
135,CustomerOrderStatus.SHIPPED,320.37215915661363,25465.627840843386,25465.627840843386,0,1,0,0,0,1,0,0,25786.0
136,CustomerOrderStatus.SHIPPED,320.08349804134195,25698.916501958658,25698.916501958658,0,0,1,0,0,0,1,0,26019.0
138,CustomerOrderStatus.SHIPPED,320.48370240215445,25909.516297597846,25909.516297597846,1,0,0,0,1,0,0,0,26230.0
137,CustomerOrderStatus.SHIPPED,510.0220259109119,25779.977974089088,25779.977974089088,1,1,1,0,1,1,1,0,26290.0
140,CustomerOrderStatus.SHIPPED,340.2170875226875,26087.782912477312,26087.782912477312,2,0,0,0,2,0,0,0,26428.0
139,CustomerOrderStatus.SHIPPED,440.6524193111727,26076.347580688827,26076.347580688827,3,1,0,0,3,1,0,0,26517.0
142,CustomerOrderStatus.SHIPPED,320.77083288304857,26229.22916711695,26229.22916711695,1,0,0,0,1,0,0,0,26550.0
141,CustomerOrderStatus.SHIPPED,540.3465084668715,26149.65349153313,26149.65349153313,1,0,0,2,1,0,0,2,26690.0
143,CustomerOrderStatus.SHIPPED,480.5990592925482,26310.40094070745,26310.40094070745,2,0,1,0,2,0,1,0,26791.0
145,CustomerOrderStatus.SHIPPED,480.32291781189997,26469.6770821881,26469.6770821881,2,0,1,0,2,0,1,0,26950.0
144,CustomerOrderStatus.SHIPPED,600.2670705754172,26435.732929424583,26435.732929424583,2,1,2,1,2,1,2,1,27036.0
147,CustomerOrderStatus.SHIPPED,320.9605135933962,27390.039486406604,27390.039486406604,1,0,0,0,1,0,0,0,27711.0
148,CustomerOrderStatus.SHIPPED,400.9005078724622,27430.099492127538,27430.099492127538,0,1,1,0,0,1,1,0,27831.0
146,CustomerOrderStatus.SHIPPED,460.1083541433036,27379.891645856696,27379.891645856696,1,0,1,0,1,0,1,0,27840.0
149,CustomerOrderStatus.SHIPPED,420.3784017870785,27705.62159821292,27705.62159821292,2,1,0,0,2,1,0,0,28126.0
150,CustomerOrderStatus.SHIPPED,460.72243066534793,27871.277569334652,27871.277569334652,4,1,0,0,4,1,0,0,28332.0
151,CustomerOrderStatus.SHIPPED,520.4074438337775,27943.592556166222,27943.592556166222,1,0,0,1,1,0,0,1,28464.0
153,CustomerOrderStatus.SHIPPED,340.7257437977605,28220.27425620224,28220.27425620224,2,0,0,0,2,0,0,0,28561.0
152,CustomerOrderStatus.SHIPPED,480.0716886795017,28144.9283113205,28144.9283113205,2,0,1,0,2,0,1,0,28625.0
155,CustomerOrderStatus.SHIPPED,360.80057791815125,28372.19942208185,28372.19942208185,0,3,0,0,0,3,0,0,28733.0
156,CustomerOrderStatus.SHIPPED,320.0705965993002,28444.9294034007,28444.9294034007,1,0,0,0,1,0,0,0,28765.0
154,CustomerOrderStatus.SHIPPED,540.1550267362909,28303.84497326371,28303.84497326371,1,0,1,1,1,0,1,1,28844.0
157,CustomerOrderStatus.SHIPPED,580.7890942996673,28450.210905700333,28450.210905700333,3,1,0,1,3,1,0,1,29031.0
158,CustomerOrderStatus.SHIPPED,420.99908562932615,28644.000914370674,28644.000914370674,0,1,2,0,0,1,2,0,29065.0
159,CustomerOrderStatus.SHIPPED,340.17959155825156,28824.82040844175,28824.82040844175,0,0,2,0,0,0,2,0,29165.0
160,CustomerOrderStatus.SHIPPED,340.3545919370699,28884.64540806293,28884.64540806293,2,0,0,0,2,0,0,0,29225.0
162,CustomerOrderStatus.SHIPPED,340.837284064135,29031.162715935865,29031.162715935865,2,0,0,0,2,0,0,0,29372.0
163,CustomerOrderStatus.SHIPPED,340.5151969819635,29043.484803018036,29043.484803018036,2,0,0,0,2,0,0,0,29384.0
164,CustomerOrderStatus.SHIPPED,340.0033250337001,29069.9966749663,29069.9966749663,2,0,0,0,2,0,0,0,29410.0
161,CustomerOrderStatus.SHIPPED,560.1477178044843,28970.852282195516,28970.852282195516,2,1,0,1,2,1,0,1,29531.0
165,CustomerOrderStatus.SHIPPED,464.1496602663465,29090.850339733654,29090.850339733654,0,3,1,0,0,3,1,0,29555.0
166,CustomerOrderStatus.SHIPPED,480.72079091762134,29203.27920908238,29203.27920908238,1,1,1,0,1,1,1,0,29684.0
168,CustomerOrderStatus.SHIPPED,564.7781352686761,29289.221864731324,29289.221864731324,0,3,0,2,0,3,0,2,29854.0
167,CustomerOrderStatus.SHIPPED,579.3074506533958,29282.692549346604,29282.692549346604,3,2,1,0,3,2,1,0,29862.0
169,CustomerOrderStatus.SHIPPED,590.2042091418771,29309.795790858123,29309.795790858123,2,0,0,1,2,0,0,1,29900.0
170,CustomerOrderStatus.SHIPPED,589.8532710715117,29371.14672892849,29371.14672892849,2,1,1,0,2,1,1,0,29961.0
172,CustomerOrderStatus.SHIPPED,436.2179001194854,29527.782099880515,29527.782099880515,2,0,0,0,2,0,0,0,29964.0
171,CustomerOrderStatus.SHIPPED,500.62993749852467,29520.370062501475,29520.370062501475,2,1,1,0,2,1,1,0,30021.0
174,CustomerOrderStatus.SHIPPED,399.1570871827025,29694.842912817297,29694.842912817297,0,0,1,0,0,0,1,0,30094.0
177,CustomerOrderStatus.SHIPPED,390.0097930197662,29843.990206980234,29843.990206980234,0,1,0,0,0,1,0,0,30234.0
173,CustomerOrderStatus.SHIPPED,774.4194377718231,29537.580562228177,29537.580562228177,1,1,0,1,1,1,0,1,30312.0
176,CustomerOrderStatus.SHIPPED,585.5024329786211,29805.49756702138,29805.49756702138,1,2,1,0,1,2,1,0,30391.0
175,CustomerOrderStatus.SHIPPED,601.9103434127901,29798.08965658721,29798.08965658721,2,0,1,1,2,0,1,1,30400.0
178,CustomerOrderStatus.SHIPPED,526.4155801059023,29944.584419894098,29944.584419894098,1,0,0,1,1,0,0,1,30471.0
179,CustomerOrderStatus.SHIPPED,568.0115076434049,29945.988492356595,29945.988492356595,1,0,1,0,1,0,1,0,30514.0
181,CustomerOrderStatus.SHIPPED,598.641691791916,29993.358308208084,29993.358308208084,2,0,0,0,2,0,0,0,30592.0
182,CustomerOrderStatus.SHIPPED,588.2585301557192,30052.74146984428,30052.74146984428,0,0,1,0,0,0,1,0,30641.0
183,CustomerOrderStatus.SHIPPED,320.2931077370449,30347.706892262955,30347.706892262955,0,0,0,1,0,0,0,1,30668.0
180,CustomerOrderStatus.SHIPPED,742.1532870953451,29991.846712904655,29991.846712904655,2,0,0,1,2,0,0,1,30734.0
186,CustomerOrderStatus.SHIPPED,440.2405762852977,30461.759423714702,30461.759423714702,3,0,0,0,3,0,0,0,30902.0
187,CustomerOrderStatus.SHIPPED,446.64524475207145,30474.35475524793,30474.35475524793,0,0,1,0,0,0,1,0,30921.0
184,CustomerOrderStatus.SHIPPED,624.4331544432462,30356.566845556754,30356.566845556754,1,1,0,1,1,1,0,1,30981.0
185,CustomerOrderStatus.SHIPPED,580.1126434004182,30443.887356599582,30443.887356599582,1,0,1,2,1,0,1,2,31024.0
189,CustomerOrderStatus.SHIPPED,408.61740126737277,30622.382598732627,30622.382598732627,2,0,0,0,2,0,0,0,31031.0
188,CustomerOrderStatus.SHIPPED,629.5397354956258,30538.460264504374,30538.460264504374,1,0,1,1,1,0,1,1,31168.0
191,CustomerOrderStatus.SHIPPED,446.0135585749922,30754.986441425008,30754.986441425008,1,0,0,0,1,0,0,0,31201.0
190,CustomerOrderStatus.SHIPPED,492.9878792014133,30725.012120798587,30725.012120798587,2,0,0,0,2,0,0,0,31218.0
194,CustomerOrderStatus.SHIPPED,565.5087024877612,30898.49129751224,30898.49129751224,2,0,2,0,2,0,2,0,31464.0
193,CustomerOrderStatus.SHIPPED,621.3296328120923,30892.670367187908,30892.670367187908,1,1,1,1,1,1,1,1,31514.0
192,CustomerOrderStatus.SHIPPED,717.6986170951459,30823.301382904854,30823.301382904854,4,1,2,1,4,1,2,1,31541.0
195,CustomerOrderStatus.SHIPPED,643.5052705581838,30924.494729441816,30924.494729441816,1,0,1,0,1,0,1,0,31568.0
196,CustomerOrderStatus.SHIPPED,618.7528221826833,31019.247177817317,31019.247177817317,0,1,2,1,0,1,2,1,31638.0
197,CustomerOrderStatus.SHIPPED,616.1437272185431,31024.856272781457,31024.856272781457,1,0,2,0,1,0,2,0,31641.0
200,CustomerOrderStatus.SHIPPED,716.159499064659,31127.84050093534,31127.84050093534,0,1,1,0,0,1,1,0,31844.0
198,CustomerOrderStatus.SHIPPED,808.3039888986532,31045.696011101347,31045.696011101347,1,0,1,0,1,0,1,0,31854.0
203,CustomerOrderStatus.SHIPPED,557.2431951623621,31343.756804837638,31343.756804837638,0,0,1,0,0,0,1,0,31901.0
201,CustomerOrderStatus.SHIPPED,767.7853983899731,31150.214601610027,31150.214601610027,0,0,1,1,0,0,1,1,31918.0
199,CustomerOrderStatus.SHIPPED,914.1344521897845,31056.865547810216,31056.865547810216,2,0,0,1,2,0,0,1,31971.0
202,CustomerOrderStatus.SHIPPED,890.0073824540013,31271.992617546,31271.992617546,1,2,1,2,1,2,1,2,32162.0
206,CustomerOrderStatus.SHIPPED,602.4569244248341,31578.543075575166,31578.543075575166,1,0,0,0,1,0,0,0,32181.0
207,CustomerOrderStatus.SHIPPED,608.4554590544867,31579.544540945513,31579.544540945513,0,0,1,0,0,0,1,0,32188.0
204,CustomerOrderStatus.SHIPPED,727.6642254289,31474.3357745711,31474.3357745711,0,0,0,1,0,0,0,1,32202.0
205,CustomerOrderStatus.SHIPPED,680.5223389724961,31523.477661027504,31523.477661027504,0,1,1,0,0,1,1,0,32204.0
208,CustomerOrderStatus.SHIPPED,614.1348499814558,31616.865150018544,31616.865150018544,0,1,0,0,0,1,0,0,32231.0
210,CustomerOrderStatus.SHIPPED,655.7594219650928,31738.240578034907,31738.240578034907,0,0,1,0,0,0,1,0,32394.0
211,CustomerOrderStatus.SHIPPED,707.533875555815,31753.466124444185,31753.466124444185,0,0,0,1,0,0,0,1,32461.0
209,CustomerOrderStatus.SHIPPED,842.1647547941611,31629.83524520584,31629.83524520584,0,0,1,1,0,0,1,1,32472.0
213,CustomerOrderStatus.SHIPPED,493.16613067145227,31980.833869328548,31980.833869328548,0,1,0,0,0,1,0,0,32474.0
214,CustomerOrderStatus.SHIPPED,433.8637717225902,32077.13622827741,32077.13622827741,1,0,0,0,1,0,0,0,32511.0
212,CustomerOrderStatus.SHIPPED,845.1009591119437,31842.899040888056,31842.899040888056,2,0,0,1,2,0,0,1,32688.0
216,CustomerOrderStatus.SHIPPED,721.9255581092984,32099.0744418907,32099.0744418907,1,1,0,0,1,1,0,0,32821.0
215,CustomerOrderStatus.SHIPPED,762.8130073410539,32091.186992658946,32091.186992658946,3,0,1,0,3,0,1,0,32854.0
218,CustomerOrderStatus.SHIPPED,661.8251645533855,32192.174835446614,32192.174835446614,1,2,0,0,1,2,0,0,32854.0
219,CustomerOrderStatus.SHIPPED,682.458293128504,32221.541706871496,32221.541706871496,0,1,1,0,0,1,1,0,32904.0
220,CustomerOrderStatus.SHIPPED,662.9078311839876,32285.092168816012,32285.092168816012,1,0,0,0,1,0,0,0,32948.0
217,CustomerOrderStatus.SHIPPED,846.5574956104429,32175.442504389557,32175.442504389557,2,2,0,2,2,2,0,2,33022.0
221,CustomerOrderStatus.SHIPPED,749.3396536503678,32341.660346349632,32341.660346349632,1,0,0,0,1,0,0,0,33091.0
223,CustomerOrderStatus.SHIPPED,608.9913073005191,32505.00869269948,32505.00869269948,1,0,0,0,1,0,0,0,33114.0
222,CustomerOrderStatus.SHIPPED,771.9707428865331,32359.029257113467,32359.029257113467,0,0,0,1,0,0,0,1,33131.0
224,CustomerOrderStatus.SHIPPED,632.6388097221497,32521.36119027785,32521.36119027785,0,0,0,1,0,0,0,1,33154.0
226,CustomerOrderStatus.SHIPPED,616.6537619106275,32635.346238089372,32635.346238089372,0,1,0,0,0,1,0,0,33252.0
227,CustomerOrderStatus.SHIPPED,702.6069759407401,32688.39302405926,32688.39302405926,2,0,0,0,2,0,0,0,33391.0
228,CustomerOrderStatus.SHIPPED,638.1577919968731,32765.842208003127,32765.842208003127,2,0,0,0,2,0,0,0,33404.0
230,CustomerOrderStatus.SHIPPED,614.4648753943256,32846.535124605674,32846.535124605674,0,0,3,0,0,0,3,0,33461.0
225,CustomerOrderStatus.SHIPPED,914.0396418951168,32593.960358104883,32593.960358104883,2,0,0,4,2,0,0,4,33508.0
231,CustomerOrderStatus.SHIPPED,604.8021311162956,32947.197868883704,32947.197868883704,0,2,0,0,0,2,0,0,33552.0
229,CustomerOrderStatus.SHIPPED,784.8555000866327,32809.14449991337,32809.14449991337,1,0,0,1,1,0,0,1,33594.0
233,CustomerOrderStatus.SHIPPED,675.6291779601888,32998.37082203981,32998.37082203981,1,0,0,0,1,0,0,0,33674.0
234,CustomerOrderStatus.SHIPPED,737.5779984881738,33063.422001511826,33063.422001511826,1,1,0,0,1,1,0,0,33801.0
232,CustomerOrderStatus.SHIPPED,881.2617919743425,32979.73820802566,32979.73820802566,3,1,1,0,3,1,1,0,33861.0
237,CustomerOrderStatus.SHIPPED,555.2026437960449,33308.797356203955,33308.797356203955,0,1,0,0,0,1,0,0,33864.0
236,CustomerOrderStatus.SHIPPED,690.3259999051588,33240.67400009484,33240.67400009484,4,0,0,0,4,0,0,0,33931.0
235,CustomerOrderStatus.SHIPPED,838.4780287593094,33099.52197124069,33099.52197124069,1,0,4,0,1,0,4,0,33938.0
238,CustomerOrderStatus.SHIPPED,622.8232642125658,33431.176735787434,33431.176735787434,2,1,0,0,2,1,0,0,34054.0
239,CustomerOrderStatus.SHIPPED,637.0739481670244,33433.926051832976,33433.926051832976,1,0,0,0,1,0,0,0,34071.0
242,CustomerOrderStatus.SHIPPED,362.31843142950675,33781.68156857049,33781.68156857049,1,0,0,0,1,0,0,0,34144.0
240,CustomerOrderStatus.SHIPPED,631.3475015049044,33549.652498495096,33549.652498495096,0,1,1,0,0,1,1,0,34181.0
241,CustomerOrderStatus.SHIPPED,570.7347920264656,33641.265207973534,33641.265207973534,0,1,1,0,0,1,1,0,34212.0
243,CustomerOrderStatus.SHIPPED,423.98331659688847,33838.01668340311,33838.01668340311,1,1,0,0,1,1,0,0,34262.0
244,CustomerOrderStatus.SHIPPED,573.6504308918375,33900.34956910816,33900.34956910816,1,1,1,0,1,1,1,0,34474.0
246,CustomerOrderStatus.SHIPPED,340.24298220419587,34138.757017795804,34138.757017795804,2,0,0,0,2,0,0,0,34479.0
248,CustomerOrderStatus.SHIPPED,320.0790524216063,34228.920947578394,34228.920947578394,1,0,0,0,1,0,0,0,34549.0
245,CustomerOrderStatus.SHIPPED,612.3582561324511,33958.64174386755,33958.64174386755,1,1,0,1,1,1,0,1,34571.0
247,CustomerOrderStatus.SHIPPED,540.904584922806,34152.095415077194,34152.095415077194,5,0,1,0,5,0,1,0,34693.0
249,CustomerOrderStatus.SHIPPED,400.8823161707405,34300.11768382926,34300.11768382926,0,0,1,1,0,0,1,1,34701.0
250,CustomerOrderStatus.SHIPPED,500.1179205135413,34333.88207948646,34333.88207948646,1,2,0,0,1,2,0,0,34834.0
252,CustomerOrderStatus.SHIPPED,465.8972538045855,34428.102746195415,34428.102746195415,3,0,0,0,3,0,0,0,34894.0
251,CustomerOrderStatus.SHIPPED,591.9581672880959,34357.041832711904,34357.041832711904,3,0,2,0,3,0,2,0,34949.0
253,CustomerOrderStatus.SHIPPED,502.7909416307011,34461.2090583693,34461.2090583693,3,1,0,0,3,1,0,0,34964.0
254,CustomerOrderStatus.SHIPPED,440.450160575936,34617.549839424064,34617.549839424064,3,1,0,0,3,1,0,0,35058.0
256,CustomerOrderStatus.SHIPPED,443.9796061968518,34650.02039380315,34650.02039380315,1,0,0,0,1,0,0,0,35094.0
257,CustomerOrderStatus.SHIPPED,444.22281245677004,34684.77718754323,34684.77718754323,0,1,0,0,0,1,0,0,35129.0
255,CustomerOrderStatus.SHIPPED,533.1729665038874,34617.82703349611,34617.82703349611,2,1,1,0,2,1,1,0,35151.0
259,CustomerOrderStatus.SHIPPED,549.797464114803,34731.2025358852,34731.2025358852,1,1,0,0,1,1,0,0,35281.0
260,CustomerOrderStatus.SHIPPED,442.702845902284,34878.297154097716,34878.297154097716,1,0,0,0,1,0,0,0,35321.0
258,CustomerOrderStatus.SHIPPED,631.8444303114302,34697.15556968857,34697.15556968857,1,0,1,0,1,0,1,0,35329.0
261,CustomerOrderStatus.SHIPPED,591.1237879399341,34882.876212060066,34882.876212060066,1,2,0,0,1,2,0,0,35474.0
264,CustomerOrderStatus.SHIPPED,410.97603786011314,35140.02396213989,35140.02396213989,0,1,0,0,0,1,0,0,35551.0
262,CustomerOrderStatus.SHIPPED,639.1453668743343,34941.854633125666,34941.854633125666,2,1,1,0,2,1,1,0,35581.0
265,CustomerOrderStatus.SHIPPED,399.80906272435095,35188.19093727565,35188.19093727565,1,0,0,0,1,0,0,0,35588.0
266,CustomerOrderStatus.SHIPPED,430.79296707270987,35190.20703292729,35190.20703292729,1,0,0,0,1,0,0,0,35621.0
263,CustomerOrderStatus.SHIPPED,656.1162963362221,34974.88370366378,34974.88370366378,0,3,1,1,0,3,1,1,35631.0
270,CustomerOrderStatus.SHIPPED,523.122963004178,35325.87703699582,35325.87703699582,1,0,0,0,1,0,0,0,35849.0
267,CustomerOrderStatus.SHIPPED,643.0359032008273,35210.96409679917,35210.96409679917,3,1,0,0,3,1,0,0,35854.0
272,CustomerOrderStatus.SHIPPED,526.4463183243715,35352.55368167563,35352.55368167563,1,0,0,0,1,0,0,0,35879.0
271,CustomerOrderStatus.SHIPPED,602.4691044326828,35345.53089556732,35345.53089556732,0,0,1,1,0,0,1,1,35948.0
269,CustomerOrderStatus.SHIPPED,697.111569096669,35273.88843090333,35273.88843090333,1,0,1,0,1,0,1,0,35971.0
268,CustomerOrderStatus.SHIPPED,787.0615013328643,35243.938498667136,35243.938498667136,1,0,0,1,1,0,0,1,36031.0
274,CustomerOrderStatus.SHIPPED,696.0324331319644,35432.967566868036,35432.967566868036,1,0,0,0,1,0,0,0,36129.0
273,CustomerOrderStatus.SHIPPED,873.6973323207712,35370.30266767923,35370.30266767923,0,1,0,1,0,1,0,1,36244.0
275,CustomerOrderStatus.SHIPPED,865.8424973552465,35433.15750264475,35433.15750264475,1,0,1,0,1,0,1,0,36299.0
277,CustomerOrderStatus.SHIPPED,606.6334135720899,35752.36658642791,35752.36658642791,2,1,0,0,2,1,0,0,36359.0
278,CustomerOrderStatus.SHIPPED,624.7754718770811,35756.22452812292,35756.22452812292,0,1,1,0,0,1,1,0,36381.0
276,CustomerOrderStatus.SHIPPED,712.6261419777948,35716.373858022205,35716.373858022205,1,1,2,0,1,1,2,0,36429.0
280,CustomerOrderStatus.SHIPPED,671.790093377429,35862.20990662257,35862.20990662257,0,2,0,0,0,2,0,0,36534.0
281,CustomerOrderStatus.SHIPPED,652.7574951652132,35916.24250483479,35916.24250483479,0,0,0,1,0,0,0,1,36569.0
279,CustomerOrderStatus.SHIPPED,798.5137162586543,35850.486283741346,35850.486283741346,2,1,0,1,2,1,0,1,36649.0
283,CustomerOrderStatus.SHIPPED,715.2307919788436,35952.76920802116,35952.76920802116,2,0,0,0,2,0,0,0,36668.0
284,CustomerOrderStatus.SHIPPED,813.1358182377589,35977.86418176224,35977.86418176224,1,0,1,0,1,0,1,0,36791.0
285,CustomerOrderStatus.SHIPPED,769.5418308336157,36034.458169166384,36034.458169166384,0,0,1,0,0,0,1,0,36804.0
286,CustomerOrderStatus.SHIPPED,813.0194891774299,36035.98051082257,36035.98051082257,1,0,0,0,1,0,0,0,36849.0
282,CustomerOrderStatus.SHIPPED,904.4678759022936,35946.53212409771,35946.53212409771,1,1,0,1,1,1,0,1,36851.0
287,CustomerOrderStatus.SHIPPED,826.0673041972041,36072.932695802796,36072.932695802796,0,0,1,0,0,0,1,0,36899.0
288,CustomerOrderStatus.SHIPPED,936.688208236912,36081.31179176309,36081.31179176309,0,1,1,0,0,1,1,0,37018.0
291,CustomerOrderStatus.SHIPPED,817.0049695509588,36266.99503044904,36266.99503044904,0,0,0,1,0,0,0,1,37084.0
292,CustomerOrderStatus.SHIPPED,778.0274126272561,36350.972587372744,36350.972587372744,0,0,1,0,0,0,1,0,37129.0
289,CustomerOrderStatus.SHIPPED,1048.4184948189286,36130.58150518107,36130.58150518107,1,1,0,0,1,1,0,0,37179.0
293,CustomerOrderStatus.SHIPPED,747.5836592327978,36431.4163407672,36431.4163407672,1,0,0,0,1,0,0,0,37179.0
290,CustomerOrderStatus.SHIPPED,982.4286946681605,36258.57130533184,36258.57130533184,1,0,2,0,1,0,2,0,37241.0
294,CustomerOrderStatus.SHIPPED,919.5703997440432,36468.42960025596,36468.42960025596,2,1,0,0,2,1,0,0,37388.0
297,CustomerOrderStatus.SHIPPED,762.0404140445171,36668.95958595548,36668.95958595548,0,0,2,0,0,0,2,0,37431.0
296,CustomerOrderStatus.SHIPPED,830.5282986967723,36618.47170130323,36618.47170130323,3,0,0,0,3,0,0,0,37449.0
295,CustomerOrderStatus.SHIPPED,1008.3784689815511,36515.62153101845,36515.62153101845,1,0,2,0,1,0,2,0,37524.0
298,CustomerOrderStatus.SHIPPED,717.5604232742335,36821.43957672577,36821.43957672577,1,1,0,0,1,1,0,0,37539.0
299,CustomerOrderStatus.SHIPPED,806.82658165467,36854.17341834533,36854.17341834533,0,1,0,2,0,1,0,2,37661.0
302,CustomerOrderStatus.SHIPPED,753.5327450629702,36955.46725493703,36955.46725493703,0,0,1,0,0,0,1,0,37709.0
303,CustomerOrderStatus.SHIPPED,815.0955079910927,36968.90449200891,36968.90449200891,0,1,0,0,0,1,0,0,37784.0
300,CustomerOrderStatus.SHIPPED,962.0731303405119,36865.92686965949,36865.92686965949,2,1,1,0,2,1,1,0,37828.0
301,CustomerOrderStatus.SHIPPED,929.491672864533,36948.50832713547,36948.50832713547,1,0,1,0,1,0,1,0,37878.0
305,CustomerOrderStatus.SHIPPED,917.1267253845144,37003.873274615486,37003.873274615486,0,0,1,0,0,0,1,0,37921.0
304,CustomerOrderStatus.SHIPPED,991.2736476558275,36997.72635234417,36997.72635234417,1,1,2,0,1,1,2,0,37989.0
308,CustomerOrderStatus.SHIPPED,965.9214280307715,37112.07857196923,37112.07857196923,0,1,0,0,0,1,0,0,38078.0
306,CustomerOrderStatus.SHIPPED,1140.521193109038,37008.47880689096,37008.47880689096,1,1,1,0,1,1,1,0,38149.0
310,CustomerOrderStatus.SHIPPED,1011.2058321929944,37189.794167807006,37189.794167807006,1,0,0,0,1,0,0,0,38201.0
309,CustomerOrderStatus.SHIPPED,1037.8999062855219,37173.10009371448,37173.10009371448,2,1,0,0,2,1,0,0,38211.0
307,CustomerOrderStatus.SHIPPED,1128.2849528555234,37095.71504714448,37095.71504714448,2,0,1,0,2,0,1,0,38224.0
311,CustomerOrderStatus.SHIPPED,1072.2854883653054,37191.714511634695,37191.714511634695,0,1,0,0,0,1,0,0,38264.0
314,CustomerOrderStatus.SHIPPED,1264.2226814800597,37226.77731851994,37226.77731851994,2,0,0,0,2,0,0,0,38491.0
312,CustomerOrderStatus.SHIPPED,1293.4348602268656,37204.565139773134,37204.565139773134,1,0,1,0,1,0,1,0,38498.0
313,CustomerOrderStatus.SHIPPED,1361.6066978153976,37206.3933021846,37206.3933021846,2,2,0,0,2,2,0,0,38568.0
315,CustomerOrderStatus.SHIPPED,1238.0368294426444,37342.963170557356,37342.963170557356,1,2,0,0,1,2,0,0,38581.0
316,CustomerOrderStatus.SHIPPED,1244.6738166393989,37373.3261833606,37373.3261833606,1,1,0,0,1,1,0,0,38618.0
317,CustomerOrderStatus.SHIPPED,1202.3770536830634,37476.62294631694,37476.62294631694,1,1,1,0,1,1,1,0,38679.0
319,CustomerOrderStatus.SHIPPED,1177.255463528003,37590.744536472,37590.744536472,0,1,0,0,0,1,0,0,38768.0
320,CustomerOrderStatus.SHIPPED,1187.3234197891506,37591.67658021085,37591.67658021085,1,0,0,0,1,0,0,0,38779.0
318,CustomerOrderStatus.SHIPPED,1363.5487549452082,37557.45124505479,37557.45124505479,1,0,2,0,1,0,2,0,38921.0
323,CustomerOrderStatus.SHIPPED,1184.08527113148,37754.91472886852,37754.91472886852,1,0,0,0,1,0,0,0,38939.0
321,CustomerOrderStatus.SHIPPED,1367.0037593934394,37646.99624060656,37646.99624060656,1,1,2,0,1,1,2,0,39014.0
324,CustomerOrderStatus.SHIPPED,1237.7454267890862,37816.254573210914,37816.254573210914,1,0,0,0,1,0,0,0,39054.0
322,CustomerOrderStatus.SHIPPED,1334.2583352065558,37726.741664793444,37726.741664793444,2,0,0,1,2,0,0,1,39061.0
325,CustomerOrderStatus.SHIPPED,1279.043505991678,37821.95649400832,37821.95649400832,1,0,0,0,1,0,0,0,39101.0
327,CustomerOrderStatus.SHIPPED,1284.0648282446855,37934.935171755315,37934.935171755315,0,0,1,0,0,0,1,0,39219.0
329,CustomerOrderStatus.SHIPPED,1357.120806282226,37963.879193717774,37963.879193717774,0,0,1,0,0,0,1,0,39321.0
326,CustomerOrderStatus.SHIPPED,1482.0626673086444,37858.937332691356,37858.937332691356,1,1,1,0,1,1,1,0,39341.0
328,CustomerOrderStatus.SHIPPED,1394.4835946749736,37949.51640532503,37949.51640532503,1,1,0,0,1,1,0,0,39344.0
330,CustomerOrderStatus.SHIPPED,1417.7090760685169,38050.29092393148,38050.29092393148,0,1,0,1,0,1,0,1,39468.0
332,CustomerOrderStatus.SHIPPED,1440.9183571209505,38058.08164287905,38058.08164287905,1,0,0,0,1,0,0,0,39499.0
334,CustomerOrderStatus.SHIPPED,1527.6664770720236,38073.33352292798,38073.33352292798,1,0,0,0,1,0,0,0,39601.0
333,CustomerOrderStatus.SHIPPED,1540.3360284273294,38060.66397157267,38060.66397157267,0,1,0,0,0,1,0,0,39601.0
331,CustomerOrderStatus.SHIPPED,1568.5685541690254,38050.431445830975,38050.431445830975,3,2,0,1,3,2,0,1,39619.0
335,CustomerOrderStatus.SHIPPED,1579.2865580165744,38079.713441983426,38079.713441983426,1,0,0,0,1,0,0,0,39659.0
336,CustomerOrderStatus.SHIPPED,1588.4505987822413,38149.54940121776,38149.54940121776,0,0,0,1,0,0,0,1,39738.0
337,CustomerOrderStatus.SHIPPED,1615.1957617390653,38163.804238260935,38163.804238260935,0,0,0,1,0,0,0,1,39779.0
340,CustomerOrderStatus.SHIPPED,1628.2953502971359,38252.704649702864,38252.704649702864,1,0,0,0,1,0,0,0,39881.0
339,CustomerOrderStatus.SHIPPED,1719.4020131375364,38241.59798686246,38241.59798686246,1,1,0,0,1,1,0,0,39961.0
341,CustomerOrderStatus.SHIPPED,1733.8809522209995,38277.119047779,38277.119047779,1,1,0,0,1,1,0,0,40011.0
342,CustomerOrderStatus.SHIPPED,1721.6176321480016,38296.382367852,38296.382367852,0,1,0,0,0,1,0,0,40018.0
343,CustomerOrderStatus.SHIPPED,1722.4782138320516,38356.52178616795,38356.52178616795,0,0,2,0,0,0,2,0,40079.0
338,CustomerOrderStatus.SHIPPED,1942.8731292414523,38166.12687075855,38166.12687075855,2,1,1,1,2,1,1,1,40109.0
344,CustomerOrderStatus.SHIPPED,1785.921902590686,38375.078097409314,38375.078097409314,0,1,0,0,0,1,0,0,40161.0
346,CustomerOrderStatus.SHIPPED,1911.9464951769842,38412.053504823016,38412.053504823016,1,1,0,0,1,1,0,0,40324.0
347,CustomerOrderStatus.SHIPPED,1904.1424229350814,38433.85757706492,38433.85757706492,3,0,0,0,3,0,0,0,40338.0
345,CustomerOrderStatus.SHIPPED,2050.763061595222,38400.23693840478,38400.23693840478,2,0,0,1,2,0,0,1,40451.0
349,CustomerOrderStatus.SHIPPED,2031.4117948122948,38457.588205187705,38457.588205187705,0,1,0,1,0,1,0,1,40489.0
348,CustomerOrderStatus.SHIPPED,2043.4935438749162,38445.506456125084,38445.506456125084,1,0,1,0,1,0,1,0,40489.0
350,CustomerOrderStatus.SHIPPED,1966.1255981275463,38554.874401872454,38554.874401872454,0,1,1,0,0,1,1,0,40521.0
353,CustomerOrderStatus.SHIPPED,2084.3046818435396,38626.69531815646,38626.69531815646,1,0,0,0,1,0,0,0,40711.0
352,CustomerOrderStatus.SHIPPED,2122.0315719048667,38595.96842809513,38595.96842809513,2,2,0,0,2,2,0,0,40718.0
351,CustomerOrderStatus.SHIPPED,2189.4606132005647,38564.539386799435,38564.539386799435,0,1,1,1,0,1,1,1,40754.0
355,CustomerOrderStatus.SHIPPED,2114.8782462604213,38644.12175373958,38644.12175373958,1,0,0,0,1,0,0,0,40759.0
356,CustomerOrderStatus.SHIPPED,2143.2031138570746,38667.796886142925,38667.796886142925,0,2,0,0,0,2,0,0,40811.0
354,CustomerOrderStatus.SHIPPED,2335.3463767696376,38643.65362323036,38643.65362323036,1,0,0,2,1,0,0,2,40979.0
360,CustomerOrderStatus.SHIPPED,2339.847954332421,38699.15204566758,38699.15204566758,0,1,0,0,0,1,0,0,41039.0
357,CustomerOrderStatus.SHIPPED,2438.195374851646,38669.804625148354,38669.804625148354,1,0,1,0,1,0,1,0,41108.0
358,CustomerOrderStatus.SHIPPED,2517.514927244156,38673.485072755844,38673.485072755844,3,0,2,0,3,0,2,0,41191.0
359,CustomerOrderStatus.SHIPPED,2536.17040054909,38677.82959945091,38677.82959945091,3,1,1,0,3,1,1,0,41214.0
362,CustomerOrderStatus.SHIPPED,2475.059838254667,38843.94016174533,38843.94016174533,1,1,0,0,1,1,0,0,41319.0
361,CustomerOrderStatus.SHIPPED,2523.493373612946,38797.506626387054,38797.506626387054,1,0,2,1,1,0,2,1,41321.0
363,CustomerOrderStatus.SHIPPED,2573.008545963392,38845.99145403661,38845.99145403661,2,1,0,0,2,1,0,0,41419.0
365,CustomerOrderStatus.SHIPPED,2471.3196278301257,38959.680372169874,38959.680372169874,1,0,0,0,1,0,0,0,41431.0
364,CustomerOrderStatus.SHIPPED,2584.8796509680833,38953.12034903192,38953.12034903192,2,4,0,0,2,4,0,0,41538.0
366,CustomerOrderStatus.SHIPPED,2581.438769391767,38972.56123060823,38972.56123060823,2,1,0,0,2,1,0,0,41554.0
367,CustomerOrderStatus.SHIPPED,2765.8522308618267,38985.14776913817,38985.14776913817,1,1,2,0,1,1,2,0,41751.0
371,CustomerOrderStatus.SHIPPED,2736.805840663321,39051.19415933668,39051.19415933668,0,0,2,0,0,0,2,0,41788.0
368,CustomerOrderStatus.SHIPPED,2784.715201483923,39004.28479851608,39004.28479851608,0,4,0,1,0,4,0,1,41789.0
370,CustomerOrderStatus.SHIPPED,2760.0345188872816,39030.96548111272,39030.96548111272,0,1,1,0,0,1,1,0,41791.0
369,CustomerOrderStatus.SHIPPED,2790.7395589306325,39010.26044106937,39010.26044106937,0,1,1,0,0,1,1,0,41801.0
372,CustomerOrderStatus.SHIPPED,2910.5203258180773,39063.47967418192,39063.47967418192,2,0,1,0,2,0,1,0,41974.0
376,CustomerOrderStatus.SHIPPED,2911.382378626542,39166.61762137346,39166.61762137346,2,0,0,0,2,0,0,0,42078.0
375,CustomerOrderStatus.SHIPPED,2972.703347092727,39156.29665290727,39156.29665290727,2,1,0,0,2,1,0,0,42129.0
373,CustomerOrderStatus.SHIPPED,3114.5039083325173,39074.49609166748,39074.49609166748,0,1,1,1,0,1,1,1,42189.0
378,CustomerOrderStatus.SHIPPED,3022.19064634564,39231.80935365436,39231.80935365436,2,0,0,0,2,0,0,0,42254.0
374,CustomerOrderStatus.SHIPPED,3193.366193528971,39075.63380647103,39075.63380647103,3,0,0,1,3,0,0,1,42269.0
377,CustomerOrderStatus.SHIPPED,3082.0627581042936,39198.93724189571,39198.93724189571,2,0,0,1,2,0,0,1,42281.0
381,CustomerOrderStatus.SHIPPED,2976.8497599011753,39464.150240098825,39464.150240098825,0,2,0,0,0,2,0,0,42441.0
379,CustomerOrderStatus.SHIPPED,3203.7033931106853,39304.296606889315,39304.296606889315,2,0,1,0,2,0,1,0,42508.0
382,CustomerOrderStatus.SHIPPED,2997.118858549082,39521.88114145092,39521.88114145092,0,0,0,1,0,0,0,1,42519.0
383,CustomerOrderStatus.SHIPPED,2987.3898095637924,39556.61019043621,39556.61019043621,2,0,0,0,2,0,0,0,42544.0
380,CustomerOrderStatus.SHIPPED,3401.31186376197,39307.68813623803,39307.68813623803,5,0,2,1,5,0,2,1,42709.0
384,CustomerOrderStatus.SHIPPED,3201.925631474238,39579.07436852576,39579.07436852576,3,0,0,1,3,0,0,1,42781.0
385,CustomerOrderStatus.SHIPPED,3221.722698140584,39589.277301859416,39589.277301859416,1,2,0,0,1,2,0,0,42811.0
388,CustomerOrderStatus.SHIPPED,3091.153173517072,39759.84682648293,39759.84682648293,0,0,1,0,0,0,1,0,42851.0
389,CustomerOrderStatus.SHIPPED,3133.753006077546,39785.246993922454,39785.246993922454,1,0,0,0,1,0,0,0,42919.0
386,CustomerOrderStatus.SHIPPED,3345.1116822130207,39622.88831778698,39622.88831778698,4,0,1,0,4,0,1,0,42968.0
387,CustomerOrderStatus.SHIPPED,3253.6385100725965,39725.3614899274,39725.3614899274,1,2,1,0,1,2,1,0,42979.0
391,CustomerOrderStatus.SHIPPED,3288.3109973543906,39882.68900264561,39882.68900264561,0,1,2,0,0,1,2,0,43171.0
392,CustomerOrderStatus.SHIPPED,3311.2018450247415,39882.79815497526,39882.79815497526,2,1,0,0,2,1,0,0,43194.0
393,CustomerOrderStatus.SHIPPED,3314.626221782368,39884.37377821763,39884.37377821763,0,1,0,0,0,1,0,0,43199.0
