shift_start,date,weekday,shift,name,idle_time,active_time,discarded_time,num_orders_fulfilled,num_orders_discarded,overtime,utilization
0,10/22/2020,Thursday,morning,0morning1,5741,23200,0,79,0,141,0.8025926690048828
0,10/22/2020,Thursday,morning,0morning2,7751,21270,0,72,0,221,0.7349360508857123
28800,10/22/2020,Thursday,afternoon,28800afternoon1,2415,26410,0,89,0,25,0.9162911611785095
28800,10/22/2020,Thursday,afternoon,28800afternoon7,4198,24670,0,83,0,68,0.8549212054188554
28800,10/22/2020,Thursday,afternoon,28800afternoon2,1658,27280,0,92,0,138,0.9429770257256844
28800,10/22/2020,Thursday,afternoon,28800afternoon5,2918,26040,0,89,0,158,0.8997801895864816
28800,10/22/2020,Thursday,afternoon,28800afternoon6,2963,26010,0,88,0,173,0.8983393947711521
28800,10/22/2020,Thursday,afternoon,28800afternoon3,3136,25920,0,88,0,256,0.8930131004366813
28800,10/22/2020,Thursday,afternoon,28800afternoon4,1815,27270,0,92,0,285,0.9382022471910112
57600,10/22/2020,Thursday,evening,57600evening4,256,28580,0,97,0,36,0.9911332779163203
57600,10/22/2020,Thursday,evening,57600evening3,50,28900,0,98,0,150,0.9982817869415808
57600,10/22/2020,Thursday,evening,57600evening2,163,28800,0,97,0,163,0.9944036256265879
57600,10/22/2020,Thursday,evening,57600evening7,238,28760,0,97,0,198,0.9918481983833402
57600,10/22/2020,Thursday,evening,57600evening1,7,29020,0,99,0,227,0.999760716483216
57600,10/22/2020,Thursday,evening,57600evening8,209,28870,0,98,0,279,0.9928809864432182
57600,10/22/2020,Thursday,evening,57600evening5,21,29060,0,98,0,281,0.9992847898644507
57600,10/22/2020,Thursday,evening,57600evening6,64,29050,0,98,0,314,0.9978252004893299
86400,10/23/2020,Friday,morning,86400morning5,7454,21370,0,73,0,24,0.7416112035496395
86400,10/23/2020,Friday,morning,86400morning1,7519,21320,0,72,0,39,0.7396287831567283
86400,10/23/2020,Friday,morning,86400morning4,5963,22890,0,77,0,53,0.7937106483083097
86400,10/23/2020,Friday,morning,86400morning3,7625,21270,0,72,0,95,0.7369782683684029
86400,10/23/2020,Friday,morning,86400morning2,6868,22040,0,75,0,108,0.7633030052384892
86400,10/23/2020,Friday,morning,86400morning6,10611,18300,0,62,0,111,0.6343808145544759
115200,10/23/2020,Friday,afternoon,115200afternoon13,2048,26790,0,91,0,38,0.9290760493143094
115200,10/23/2020,Friday,afternoon,115200afternoon5,1878,26960,0,92,0,38,0.9349632913145866
115200,10/23/2020,Friday,afternoon,115200afternoon15,3514,25340,0,86,0,54,0.8784419537844196
115200,10/23/2020,Friday,afternoon,115200afternoon11,2188,26710,0,91,0,98,0.9245413160435922
115200,10/23/2020,Friday,afternoon,115200afternoon10,2315,26590,0,90,0,105,0.9201999310582558
115200,10/23/2020,Friday,afternoon,115200afternoon6,3388,25530,0,87,0,118,0.8833172613307618
115200,10/23/2020,Friday,afternoon,115200afternoon1,3041,25890,0,88,0,131,0.8953616406303765
115200,10/23/2020,Friday,afternoon,115200afternoon2,2601,26330,0,89,0,131,0.9105016860505127
115200,10/23/2020,Friday,afternoon,115200afternoon16,5250,23720,0,81,0,170,0.8198352779684283
115200,10/23/2020,Friday,afternoon,115200afternoon12,2510,26460,0,90,0,170,0.9138641043239534
115200,10/23/2020,Friday,afternoon,115200afternoon9,2931,26050,0,88,0,181,0.8994924902270077
115200,10/23/2020,Friday,afternoon,115200afternoon14,1939,27060,0,91,0,199,0.933591341872731
115200,10/23/2020,Friday,afternoon,115200afternoon4,2810,26230,0,89,0,240,0.9040300546448088
115200,10/23/2020,Friday,afternoon,115200afternoon8,1244,27800,0,94,0,244,0.9575252663206774
115200,10/23/2020,Friday,afternoon,115200afternoon7,3856,25190,0,85,0,246,0.8683599617643043
115200,10/23/2020,Friday,afternoon,115200afternoon3,3609,25450,0,87,0,259,0.8769015621802305
144000,10/23/2020,Friday,evening,144000evening16,0,28800,0,98,0,0,1.0
144000,10/23/2020,Friday,evening,144000evening11,0,28820,0,97,0,20,1.0
144000,10/23/2020,Friday,evening,144000evening7,0,28840,0,98,0,40,1.0
144000,10/23/2020,Friday,evening,144000evening6,0,28870,0,97,0,70,1.0
144000,10/23/2020,Friday,evening,144000evening9,0,28880,0,97,0,80,1.0
144000,10/23/2020,Friday,evening,144000evening10,0,28930,0,98,0,130,1.0
144000,10/23/2020,Friday,evening,144000evening12,0,28940,0,98,0,140,1.0
144000,10/23/2020,Friday,evening,144000evening2,0,28950,0,98,0,150,1.0
144000,10/23/2020,Friday,evening,144000evening14,0,28960,0,98,0,160,1.0
144000,10/23/2020,Friday,evening,144000evening3,0,28970,0,98,0,170,1.0
144000,10/23/2020,Friday,evening,144000evening18,0,29000,0,98,0,200,1.0
144000,10/23/2020,Friday,evening,144000evening5,0,29010,0,98,0,210,1.0
144000,10/23/2020,Friday,evening,144000evening17,0,29020,0,99,0,220,1.0
144000,10/23/2020,Friday,evening,144000evening4,0,29030,0,98,0,230,1.0
144000,10/23/2020,Friday,evening,144000evening8,0,29030,0,99,0,230,1.0
144000,10/23/2020,Friday,evening,144000evening13,0,29050,0,98,0,250,1.0
144000,10/23/2020,Friday,evening,144000evening15,0,29060,0,98,0,260,1.0
144000,10/23/2020,Friday,evening,144000evening1,0,29080,0,99,0,280,1.0
172800,10/24/2020,Saturday,morning,172800morning2,0,28800,0,97,0,0,1.0
172800,10/24/2020,Saturday,morning,172800morning3,0,28960,0,99,0,160,1.0
172800,10/24/2020,Saturday,morning,172800morning4,0,29060,0,99,0,260,1.0
172800,10/24/2020,Saturday,morning,172800morning1,0,29100,0,99,0,300,1.0
201600,10/24/2020,Saturday,afternoon,201600afternoon8,0,28830,0,98,0,30,1.0
201600,10/24/2020,Saturday,afternoon,201600afternoon2,0,28860,0,98,0,60,1.0
201600,10/24/2020,Saturday,afternoon,201600afternoon4,0,28870,0,98,0,70,1.0
201600,10/24/2020,Saturday,afternoon,201600afternoon6,0,28870,0,97,0,70,1.0
201600,10/24/2020,Saturday,afternoon,201600afternoon3,0,28890,0,98,0,90,1.0
201600,10/24/2020,Saturday,afternoon,201600afternoon14,0,28910,0,98,0,110,1.0
201600,10/24/2020,Saturday,afternoon,201600afternoon10,0,28940,0,98,0,140,1.0
201600,10/24/2020,Saturday,afternoon,201600afternoon7,0,28960,0,98,0,160,1.0
201600,10/24/2020,Saturday,afternoon,201600afternoon13,0,28980,0,98,0,180,1.0
201600,10/24/2020,Saturday,afternoon,201600afternoon12,0,28980,0,98,0,180,1.0
201600,10/24/2020,Saturday,afternoon,201600afternoon1,0,28990,0,99,0,190,1.0
201600,10/24/2020,Saturday,afternoon,201600afternoon11,0,29020,0,99,0,220,1.0
201600,10/24/2020,Saturday,afternoon,201600afternoon9,0,29030,0,98,0,230,1.0
201600,10/24/2020,Saturday,afternoon,201600afternoon17,0,29070,0,99,0,270,1.0
201600,10/24/2020,Saturday,afternoon,201600afternoon15,0,29080,0,98,0,280,1.0
201600,10/24/2020,Saturday,afternoon,201600afternoon16,0,29090,0,99,0,290,1.0
201600,10/24/2020,Saturday,afternoon,201600afternoon5,0,29090,0,99,0,290,1.0
230400,10/24/2020,Saturday,evening,230400evening5,0,28800,0,98,0,0,1.0
230400,10/24/2020,Saturday,evening,230400evening2,0,28800,0,98,0,0,1.0
230400,10/24/2020,Saturday,evening,230400evening7,0,28840,0,98,0,40,1.0
230400,10/24/2020,Saturday,evening,230400evening15,0,28880,0,97,0,80,1.0
230400,10/24/2020,Saturday,evening,230400evening3,0,28910,0,97,0,110,1.0
230400,10/24/2020,Saturday,evening,230400evening12,0,28910,0,98,0,110,1.0
230400,10/24/2020,Saturday,evening,230400evening16,0,28920,0,98,0,120,1.0
230400,10/24/2020,Saturday,evening,230400evening9,0,28930,0,98,0,130,1.0
230400,10/24/2020,Saturday,evening,230400evening4,0,28940,0,98,0,140,1.0
230400,10/24/2020,Saturday,evening,230400evening10,0,28940,0,98,0,140,1.0
230400,10/24/2020,Saturday,evening,230400evening17,0,28970,0,98,0,170,1.0
230400,10/24/2020,Saturday,evening,230400evening13,0,28980,0,98,0,180,1.0
230400,10/24/2020,Saturday,evening,230400evening1,0,28990,0,98,0,190,1.0
230400,10/24/2020,Saturday,evening,230400evening8,0,29000,0,98,0,200,1.0
230400,10/24/2020,Saturday,evening,230400evening19,0,29000,0,98,0,200,1.0
230400,10/24/2020,Saturday,evening,230400evening14,0,29020,0,98,0,220,1.0
230400,10/24/2020,Saturday,evening,230400evening11,0,29050,0,99,0,250,1.0
230400,10/24/2020,Saturday,evening,230400evening18,0,29070,0,99,0,270,1.0
230400,10/24/2020,Saturday,evening,230400evening6,0,29070,0,99,0,270,1.0
259200,10/25/2020,Sunday,morning,259200morning5,760,28040,0,95,0,0,0.9736111111111111
259200,10/25/2020,Sunday,morning,259200morning7,530,28270,0,96,0,0,0.9815972222222222
259200,10/25/2020,Sunday,morning,259200morning3,470,28330,0,96,0,0,0.9836805555555556
259200,10/25/2020,Sunday,morning,259200morning6,440,28360,0,96,0,0,0.9847222222222223
259200,10/25/2020,Sunday,morning,259200morning2,404,28540,0,97,0,144,0.9861111111111112
259200,10/25/2020,Sunday,morning,259200morning1,999,27970,0,95,0,169,0.9657148740476353
259200,10/25/2020,Sunday,morning,259200morning4,1198,27860,0,94,0,258,0.9591349433756311
288000,10/25/2020,Sunday,afternoon,288000afternoon8,1270,27530,0,94,0,0,0.9559027777777778
288000,10/25/2020,Sunday,afternoon,288000afternoon3,1168,27690,0,93,0,58,0.9596071379167243
288000,10/25/2020,Sunday,afternoon,288000afternoon11,3613,25270,0,85,0,83,0.8752675550645584
288000,10/25/2020,Sunday,afternoon,288000afternoon5,1448,27450,0,93,0,98,0.9500620775279349
288000,10/25/2020,Sunday,afternoon,288000afternoon2,1938,26990,0,92,0,128,0.9333012114537445
288000,10/25/2020,Sunday,afternoon,288000afternoon1,966,28000,0,95,0,166,0.9668405876699162
288000,10/25/2020,Sunday,afternoon,288000afternoon12,3725,25270,0,86,0,195,0.8723878040424803
288000,10/25/2020,Sunday,afternoon,288000afternoon10,3193,25830,0,88,0,223,0.8908226766053478
288000,10/25/2020,Sunday,afternoon,288000afternoon6,1821,27210,0,92,0,231,0.9377691203608776
288000,10/25/2020,Sunday,afternoon,288000afternoon13,4455,24580,0,83,0,235,0.8477963785445849
288000,10/25/2020,Sunday,afternoon,288000afternoon7,1813,27270,0,92,0,283,0.9382619355717496
288000,10/25/2020,Sunday,afternoon,288000afternoon9,2715,26370,0,90,0,285,0.90755873340143
288000,10/25/2020,Sunday,afternoon,288000afternoon4,2667,26420,0,89,0,287,0.9092054197589705
316800,10/25/2020,Sunday,evening,316800evening11,0,28850,0,97,0,50,1.0
316800,10/25/2020,Sunday,evening,316800evening8,0,28850,0,98,0,50,1.0
316800,10/25/2020,Sunday,evening,316800evening4,0,28870,0,98,0,70,1.0
316800,10/25/2020,Sunday,evening,316800evening9,0,28870,0,98,0,70,1.0
316800,10/25/2020,Sunday,evening,316800evening16,0,28880,0,98,0,80,1.0
316800,10/25/2020,Sunday,evening,316800evening3,0,28880,0,98,0,80,1.0
316800,10/25/2020,Sunday,evening,316800evening7,0,28890,0,98,0,90,1.0
316800,10/25/2020,Sunday,evening,316800evening6,0,28890,0,98,0,90,1.0
316800,10/25/2020,Sunday,evening,316800evening12,0,28890,0,98,0,90,1.0
316800,10/25/2020,Sunday,evening,316800evening14,0,28900,0,98,0,100,1.0
316800,10/25/2020,Sunday,evening,316800evening1,0,28950,0,98,0,150,1.0
316800,10/25/2020,Sunday,evening,316800evening2,0,28950,0,98,0,150,1.0
316800,10/25/2020,Sunday,evening,316800evening10,0,28960,0,98,0,160,1.0
316800,10/25/2020,Sunday,evening,316800evening13,0,29000,0,99,0,200,1.0
316800,10/25/2020,Sunday,evening,316800evening15,0,29010,0,99,0,210,1.0
316800,10/25/2020,Sunday,evening,316800evening5,0,29080,0,98,0,280,1.0
345600,10/26/2020,Monday,morning,345600morning3,9832,19010,0,64,0,42,0.6596039329732724
345600,10/26/2020,Monday,morning,345600morning4,10321,18620,0,63,0,141,0.6451069390000688
345600,10/26/2020,Monday,morning,345600morning2,12816,16190,0,55,0,206,0.5612761878679995
345600,10/26/2020,Monday,morning,345600morning1,9299,19720,0,67,0,219,0.6819549900814009
345600,10/26/2020,Monday,morning,345600morning5,12355,16720,0,57,0,275,0.579045996592845
374400,10/26/2020,Monday,afternoon,374400afternoon2,3169,25650,0,87,0,19,0.8901102711699841
374400,10/26/2020,Monday,afternoon,374400afternoon6,2444,26490,0,90,0,134,0.9159212880143113
374400,10/26/2020,Monday,afternoon,374400afternoon1,1861,27110,0,92,0,171,0.9361402786356462
374400,10/26/2020,Monday,afternoon,374400afternoon5,1666,27340,0,93,0,206,0.942968643023415
374400,10/26/2020,Monday,afternoon,374400afternoon4,1221,27790,0,94,0,211,0.9582164122921086
374400,10/26/2020,Monday,afternoon,374400afternoon3,2713,26300,0,89,0,213,0.9071716964346814
403200,10/26/2020,Monday,evening,403200evening4,0,28810,0,98,0,10,1.0
403200,10/26/2020,Monday,evening,403200evening1,0,28920,0,98,0,120,1.0
403200,10/26/2020,Monday,evening,403200evening5,0,28930,0,97,0,130,1.0
403200,10/26/2020,Monday,evening,403200evening6,0,28940,0,98,0,140,1.0
403200,10/26/2020,Monday,evening,403200evening8,0,29000,0,99,0,200,1.0
403200,10/26/2020,Monday,evening,403200evening7,0,29030,0,98,0,230,1.0
403200,10/26/2020,Monday,evening,403200evening9,0,29070,0,99,0,270,1.0
403200,10/26/2020,Monday,evening,403200evening3,0,29080,0,99,0,280,1.0
403200,10/26/2020,Monday,evening,403200evening2,0,29080,0,99,0,280,1.0
432000,10/27/2020,Tuesday,morning,432000morning2,0,28810,0,98,0,10,1.0
432000,10/27/2020,Tuesday,morning,432000morning1,0,28820,0,98,0,20,1.0
460800,10/27/2020,Tuesday,afternoon,460800afternoon4,0,28810,0,97,0,10,1.0
460800,10/27/2020,Tuesday,afternoon,460800afternoon5,0,28850,0,98,0,50,1.0
460800,10/27/2020,Tuesday,afternoon,460800afternoon1,0,29010,0,98,0,210,1.0
460800,10/27/2020,Tuesday,afternoon,460800afternoon3,0,29020,0,98,0,220,1.0
460800,10/27/2020,Tuesday,afternoon,460800afternoon2,0,29070,0,99,0,270,1.0
489600,10/27/2020,Tuesday,evening,489600evening2,0,28810,0,98,0,10,1.0
489600,10/27/2020,Tuesday,evening,489600evening6,0,28840,0,97,0,40,1.0
489600,10/27/2020,Tuesday,evening,489600evening4,0,28860,0,98,0,60,1.0
489600,10/27/2020,Tuesday,evening,489600evening5,0,28890,0,98,0,90,1.0
489600,10/27/2020,Tuesday,evening,489600evening3,0,28910,0,98,0,110,1.0
489600,10/27/2020,Tuesday,evening,489600evening1,0,29070,0,99,0,270,1.0
518400,10/28/2020,Wednesday,morning,518400morning4,4290,24530,0,83,0,20,0.8512482662968099
518400,10/28/2020,Wednesday,morning,518400morning2,3584,25390,0,85,0,174,0.8770413064361191
518400,10/28/2020,Wednesday,morning,518400morning1,3759,25310,0,86,0,269,0.87187265662281
518400,10/28/2020,Wednesday,morning,518400morning3,3650,25430,0,86,0,280,0.8756811989100818
547200,10/28/2020,Wednesday,afternoon,547200afternoon11,2298,26510,0,90,0,8,0.9202526374236535
547200,10/28/2020,Wednesday,afternoon,547200afternoon10,1740,27070,0,92,0,10,0.9396252602359473
547200,10/28/2020,Wednesday,afternoon,547200afternoon2,3042,25770,0,88,0,12,0.8944629475437136
547200,10/28/2020,Wednesday,afternoon,547200afternoon9,2752,26110,0,89,0,62,0.9048541004010511
547200,10/28/2020,Wednesday,afternoon,547200afternoon8,1822,27050,0,92,0,72,0.9370508568269762
547200,10/28/2020,Wednesday,afternoon,547200afternoon5,2059,26840,0,91,0,99,0.9289951031105593
547200,10/28/2020,Wednesday,afternoon,547200afternoon4,1646,27310,0,93,0,156,0.9434597416872768
547200,10/28/2020,Wednesday,afternoon,547200afternoon6,904,28060,0,95,0,164,0.9689645701730294
547200,10/28/2020,Wednesday,afternoon,547200afternoon7,1212,27760,0,94,0,172,0.9584133955531156
547200,10/28/2020,Wednesday,afternoon,547200afternoon3,1119,27940,0,95,0,259,0.9618323214407531
547200,10/28/2020,Wednesday,afternoon,547200afternoon1,2789,26280,0,90,0,269,0.9049355784307042
576000,10/28/2020,Wednesday,evening,576000evening11,0,28830,0,98,0,30,1.0
576000,10/28/2020,Wednesday,evening,576000evening10,0,28840,0,98,0,40,1.0
576000,10/28/2020,Wednesday,evening,576000evening6,0,28860,0,97,0,60,1.0
576000,10/28/2020,Wednesday,evening,576000evening1,0,28890,0,98,0,90,1.0
576000,10/28/2020,Wednesday,evening,576000evening12,0,28910,0,98,0,110,1.0
576000,10/28/2020,Wednesday,evening,576000evening14,0,28940,0,98,0,140,1.0
576000,10/28/2020,Wednesday,evening,576000evening2,0,28980,0,98,0,180,1.0
576000,10/28/2020,Wednesday,evening,576000evening4,0,28980,0,98,0,180,1.0
576000,10/28/2020,Wednesday,evening,576000evening5,0,28990,0,98,0,190,1.0
576000,10/28/2020,Wednesday,evening,576000evening9,0,29010,0,98,0,210,1.0
576000,10/28/2020,Wednesday,evening,576000evening8,0,29020,0,98,0,220,1.0
576000,10/28/2020,Wednesday,evening,576000evening3,0,29020,0,99,0,220,1.0
576000,10/28/2020,Wednesday,evening,576000evening13,0,29060,0,99,0,260,1.0
576000,10/28/2020,Wednesday,evening,576000evening7,0,29080,0,99,0,280,1.0
604800,10/29/2020,Thursday,morning,604800morning1,0,28840,0,98,0,40,1.0
604800,10/29/2020,Thursday,morning,604800morning2,0,28890,0,98,0,90,1.0
633600,10/29/2020,Thursday,afternoon,633600afternoon1,0,28890,0,98,0,90,1.0
633600,10/29/2020,Thursday,afternoon,633600afternoon2,0,28900,0,98,0,100,1.0
633600,10/29/2020,Thursday,afternoon,633600afternoon6,0,28900,0,98,0,100,1.0
633600,10/29/2020,Thursday,afternoon,633600afternoon3,0,28920,0,98,0,120,1.0
633600,10/29/2020,Thursday,afternoon,633600afternoon7,0,28950,0,98,0,150,1.0
633600,10/29/2020,Thursday,afternoon,633600afternoon5,0,28990,0,98,0,190,1.0
633600,10/29/2020,Thursday,afternoon,633600afternoon4,0,29040,0,99,0,240,1.0
662400,10/29/2020,Thursday,evening,662400evening3,0,28800,0,97,0,0,1.0
662400,10/29/2020,Thursday,evening,662400evening6,0,28800,0,97,0,0,1.0
662400,10/29/2020,Thursday,evening,662400evening8,0,28810,0,98,0,10,1.0
662400,10/29/2020,Thursday,evening,662400evening1,0,28880,0,98,0,80,1.0
662400,10/29/2020,Thursday,evening,662400evening4,0,28920,0,98,0,120,1.0
662400,10/29/2020,Thursday,evening,662400evening7,0,28940,0,98,0,140,1.0
662400,10/29/2020,Thursday,evening,662400evening5,0,28970,0,98,0,170,1.0
662400,10/29/2020,Thursday,evening,662400evening2,0,29040,0,98,0,240,1.0
691200,10/30/2020,Friday,morning,691200morning5,2873,25990,0,89,0,63,0.9006775910945171
691200,10/30/2020,Friday,morning,691200morning2,3800,25070,0,85,0,70,0.8686938493434693
691200,10/30/2020,Friday,morning,691200morning6,1990,26930,0,91,0,120,0.9314738292011019
691200,10/30/2020,Friday,morning,691200morning1,4011,24980,0,85,0,191,0.8625522582413817
691200,10/30/2020,Friday,morning,691200morning4,2294,26720,0,91,0,214,0.9215136170795128
691200,10/30/2020,Friday,morning,691200morning3,4705,24400,0,82,0,305,0.8400204012240734
720000,10/30/2020,Friday,afternoon,720000afternoon3,2015,26820,0,91,0,35,0.9302043643921025
720000,10/30/2020,Friday,afternoon,720000afternoon5,2101,26740,0,90,0,41,0.9272557302125891
720000,10/30/2020,Friday,afternoon,720000afternoon13,2700,26170,0,89,0,70,0.9067035245335177
720000,10/30/2020,Friday,afternoon,720000afternoon7,1865,27010,0,92,0,75,0.9355785837651123
720000,10/30/2020,Friday,afternoon,720000afternoon14,1472,27430,0,94,0,102,0.9492483795338574
720000,10/30/2020,Friday,afternoon,720000afternoon1,2812,26100,0,89,0,112,0.9031146637265711
720000,10/30/2020,Friday,afternoon,720000afternoon12,3190,25740,0,87,0,130,0.8902271163110805
720000,10/30/2020,Friday,afternoon,720000afternoon8,2261,26670,0,90,0,131,0.9222008120569817
720000,10/30/2020,Friday,afternoon,720000afternoon6,2961,26030,0,88,0,191,0.8985333424713865
720000,10/30/2020,Friday,afternoon,720000afternoon9,2910,26090,0,88,0,200,0.9003424657534247
720000,10/30/2020,Friday,afternoon,720000afternoon10,2310,26700,0,90,0,210,0.9209445585215605
720000,10/30/2020,Friday,afternoon,720000afternoon16,3367,25650,0,87,0,217,0.8848258876650476
720000,10/30/2020,Friday,afternoon,720000afternoon4,2168,26870,0,92,0,238,0.9259461675092225
720000,10/30/2020,Friday,afternoon,720000afternoon2,3011,26050,0,89,0,261,0.8973125980492463
720000,10/30/2020,Friday,afternoon,720000afternoon11,2223,26860,0,91,0,283,0.924300211128516
720000,10/30/2020,Friday,afternoon,720000afternoon15,4358,24730,0,83,0,288,0.8516476034858388
748800,10/30/2020,Friday,evening,748800evening9,0,28850,0,98,0,50,1.0
748800,10/30/2020,Friday,evening,748800evening16,0,28860,0,98,0,60,1.0
748800,10/30/2020,Friday,evening,748800evening8,0,28870,0,98,0,70,1.0
748800,10/30/2020,Friday,evening,748800evening3,0,28870,0,98,0,70,1.0
748800,10/30/2020,Friday,evening,748800evening7,0,28880,0,98,0,80,1.0
748800,10/30/2020,Friday,evening,748800evening6,0,28890,0,98,0,90,1.0
748800,10/30/2020,Friday,evening,748800evening13,0,28920,0,98,0,120,1.0
748800,10/30/2020,Friday,evening,748800evening18,0,28920,0,98,0,120,1.0
748800,10/30/2020,Friday,evening,748800evening5,0,28950,0,97,0,150,1.0
748800,10/30/2020,Friday,evening,748800evening4,0,28960,0,98,0,160,1.0
748800,10/30/2020,Friday,evening,748800evening10,0,28960,0,98,0,160,1.0
748800,10/30/2020,Friday,evening,748800evening2,0,28990,0,99,0,190,1.0
748800,10/30/2020,Friday,evening,748800evening14,0,29010,0,99,0,210,1.0
748800,10/30/2020,Friday,evening,748800evening17,0,29050,0,98,0,250,1.0
748800,10/30/2020,Friday,evening,748800evening1,0,29060,0,98,0,260,1.0
748800,10/30/2020,Friday,evening,748800evening11,0,29060,0,99,0,260,1.0
748800,10/30/2020,Friday,evening,748800evening15,0,29060,0,98,0,260,1.0
748800,10/30/2020,Friday,evening,748800evening12,0,29060,0,98,0,260,1.0
777600,10/31/2020,Saturday,morning,777600morning3,0,28930,0,98,0,130,1.0
777600,10/31/2020,Saturday,morning,777600morning2,0,28960,0,98,0,160,1.0
777600,10/31/2020,Saturday,morning,777600morning1,0,29000,0,98,0,200,1.0
777600,10/31/2020,Saturday,morning,777600morning4,0,29080,0,98,0,280,1.0
806400,10/31/2020,Saturday,afternoon,806400afternoon14,0,28820,0,98,0,20,1.0
806400,10/31/2020,Saturday,afternoon,806400afternoon5,0,28860,0,98,0,60,1.0
806400,10/31/2020,Saturday,afternoon,806400afternoon15,0,28880,0,98,0,80,1.0
806400,10/31/2020,Saturday,afternoon,806400afternoon12,0,28890,0,98,0,90,1.0
806400,10/31/2020,Saturday,afternoon,806400afternoon4,0,28900,0,98,0,100,1.0
806400,10/31/2020,Saturday,afternoon,806400afternoon10,0,28900,0,97,0,100,1.0
806400,10/31/2020,Saturday,afternoon,806400afternoon17,0,28930,0,98,0,130,1.0
806400,10/31/2020,Saturday,afternoon,806400afternoon9,0,28940,0,98,0,140,1.0
806400,10/31/2020,Saturday,afternoon,806400afternoon2,0,28940,0,98,0,140,1.0
806400,10/31/2020,Saturday,afternoon,806400afternoon6,0,28940,0,98,0,140,1.0
806400,10/31/2020,Saturday,afternoon,806400afternoon16,0,28950,0,98,0,150,1.0
806400,10/31/2020,Saturday,afternoon,806400afternoon11,0,28990,0,98,0,190,1.0
806400,10/31/2020,Saturday,afternoon,806400afternoon7,0,29030,0,98,0,230,1.0
806400,10/31/2020,Saturday,afternoon,806400afternoon13,0,29030,0,98,0,230,1.0
806400,10/31/2020,Saturday,afternoon,806400afternoon8,0,29040,0,98,0,240,1.0
806400,10/31/2020,Saturday,afternoon,806400afternoon3,0,29050,0,99,0,250,1.0
806400,10/31/2020,Saturday,afternoon,806400afternoon1,0,29090,0,98,0,290,1.0
835200,10/31/2020,Saturday,evening,835200evening10,0,28830,0,98,0,30,1.0
835200,10/31/2020,Saturday,evening,835200evening4,0,28840,0,97,0,40,1.0
835200,10/31/2020,Saturday,evening,835200evening9,0,28850,0,98,0,50,1.0
835200,10/31/2020,Saturday,evening,835200evening6,0,28860,0,98,0,60,1.0
835200,10/31/2020,Saturday,evening,835200evening8,0,28870,0,98,0,70,1.0
835200,10/31/2020,Saturday,evening,835200evening19,0,28870,0,98,0,70,1.0
835200,10/31/2020,Saturday,evening,835200evening12,0,28900,0,98,0,100,1.0
835200,10/31/2020,Saturday,evening,835200evening17,0,28910,0,98,0,110,1.0
835200,10/31/2020,Saturday,evening,835200evening14,0,28910,0,98,0,110,1.0
835200,10/31/2020,Saturday,evening,835200evening13,0,28930,0,98,0,130,1.0
835200,10/31/2020,Saturday,evening,835200evening5,0,28940,0,98,0,140,1.0
835200,10/31/2020,Saturday,evening,835200evening15,0,28950,0,98,0,150,1.0
835200,10/31/2020,Saturday,evening,835200evening11,0,28950,0,98,0,150,1.0
835200,10/31/2020,Saturday,evening,835200evening7,0,28970,0,98,0,170,1.0
835200,10/31/2020,Saturday,evening,835200evening1,0,28990,0,98,0,190,1.0
835200,10/31/2020,Saturday,evening,835200evening18,0,29010,0,98,0,210,1.0
835200,10/31/2020,Saturday,evening,835200evening16,0,29010,0,99,0,210,1.0
835200,10/31/2020,Saturday,evening,835200evening2,0,29080,0,99,0,280,1.0
835200,10/31/2020,Saturday,evening,835200evening3,0,29080,0,99,0,280,1.0
864000,11/01/2020,Sunday,morning,864000morning5,1070,27730,0,94,0,0,0.9628472222222222
864000,11/01/2020,Sunday,morning,864000morning2,1160,27640,0,93,0,0,0.9597222222222223
864000,11/01/2020,Sunday,morning,864000morning3,680,28120,0,95,0,0,0.9763888888888889
864000,11/01/2020,Sunday,morning,864000morning1,640,28160,0,95,0,0,0.9777777777777777
864000,11/01/2020,Sunday,morning,864000morning4,918,28100,0,95,0,218,0.9686003557258175
864000,11/01/2020,Sunday,morning,864000morning6,615,28410,0,96,0,225,0.978974358974359
864000,11/01/2020,Sunday,morning,864000morning7,786,28250,0,96,0,236,0.9731484012025143
892800,11/01/2020,Sunday,afternoon,892800afternoon9,1126,27690,0,94,0,16,0.9609461709211987
892800,11/01/2020,Sunday,afternoon,892800afternoon10,2098,26750,0,91,0,48,0.9273947951273532
892800,11/01/2020,Sunday,afternoon,892800afternoon5,1342,27510,0,93,0,52,0.9535704400774979
892800,11/01/2020,Sunday,afternoon,892800afternoon6,3017,25920,0,88,0,137,0.8962303088670289
892800,11/01/2020,Sunday,afternoon,892800afternoon1,925,28020,0,95,0,145,0.9682021313166036
892800,11/01/2020,Sunday,afternoon,892800afternoon2,2176,26780,0,91,0,156,0.925254190711734
892800,11/01/2020,Sunday,afternoon,892800afternoon3,1255,27740,0,94,0,195,0.9570058239122987
892800,11/01/2020,Sunday,afternoon,892800afternoon11,923,28080,0,95,0,203,0.9683969047456003
892800,11/01/2020,Sunday,afternoon,892800afternoon7,1571,27460,0,93,0,231,0.9463126238808011
892800,11/01/2020,Sunday,afternoon,892800afternoon8,1401,27640,0,94,0,241,0.9521549074516767
892800,11/01/2020,Sunday,afternoon,892800afternoon13,1551,27490,0,93,0,241,0.9470323065364388
892800,11/01/2020,Sunday,afternoon,892800afternoon4,1057,28000,0,95,0,257,0.9639421436856109
892800,11/01/2020,Sunday,afternoon,892800afternoon12,2077,27000,0,91,0,277,0.9292430333174354
921600,11/01/2020,Sunday,evening,921600evening14,0,28800,0,97,0,0,1.0
921600,11/01/2020,Sunday,evening,921600evening15,0,28800,0,98,0,0,1.0
921600,11/01/2020,Sunday,evening,921600evening9,0,28820,0,98,0,20,1.0
921600,11/01/2020,Sunday,evening,921600evening5,0,28840,0,98,0,40,1.0
921600,11/01/2020,Sunday,evening,921600evening13,0,28870,0,98,0,70,1.0
921600,11/01/2020,Sunday,evening,921600evening3,0,28940,0,99,0,140,1.0
921600,11/01/2020,Sunday,evening,921600evening4,0,28940,0,98,0,140,1.0
921600,11/01/2020,Sunday,evening,921600evening6,0,28960,0,98,0,160,1.0
921600,11/01/2020,Sunday,evening,921600evening12,0,28960,0,98,0,160,1.0
921600,11/01/2020,Sunday,evening,921600evening1,0,28980,0,98,0,180,1.0
921600,11/01/2020,Sunday,evening,921600evening11,0,28990,0,98,0,190,1.0
921600,11/01/2020,Sunday,evening,921600evening10,0,29020,0,98,0,220,1.0
921600,11/01/2020,Sunday,evening,921600evening2,0,29040,0,98,0,240,1.0
921600,11/01/2020,Sunday,evening,921600evening8,0,29040,0,98,0,240,1.0
921600,11/01/2020,Sunday,evening,921600evening16,0,29050,0,98,0,250,1.0
921600,11/01/2020,Sunday,evening,921600evening7,0,29050,0,99,0,250,1.0
950400,11/02/2020,Monday,morning,950400morning5,6890,21910,0,75,0,0,0.7607638888888889
950400,11/02/2020,Monday,morning,950400morning1,7730,21070,0,71,0,0,0.7315972222222222
950400,11/02/2020,Monday,morning,950400morning3,5920,22880,0,78,0,0,0.7944444444444444
950400,11/02/2020,Monday,morning,950400morning4,10210,18590,0,63,0,0,0.6454861111111111
950400,11/02/2020,Monday,morning,950400morning2,9003,20050,0,68,0,253,0.6927932846516072
979200,11/02/2020,Monday,afternoon,979200afternoon4,2546,26280,0,89,0,26,0.911756550672397
979200,11/02/2020,Monday,afternoon,979200afternoon2,2163,26860,0,91,0,223,0.9260411680229775
979200,11/02/2020,Monday,afternoon,979200afternoon3,2588,26450,0,90,0,238,0.9115999453477251
979200,11/02/2020,Monday,afternoon,979200afternoon5,1888,27150,0,92,0,238,0.9355103156168876
979200,11/02/2020,Monday,afternoon,979200afternoon6,1673,27370,0,93,0,243,0.9428737280611896
979200,11/02/2020,Monday,afternoon,979200afternoon1,1975,27100,0,92,0,275,0.9327086882453152
1008000,11/02/2020,Monday,evening,1008000evening1,0,28820,0,97,0,20,1.0
1008000,11/02/2020,Monday,evening,1008000evening9,0,28880,0,98,0,80,1.0
1008000,11/02/2020,Monday,evening,1008000evening4,0,28930,0,98,0,130,1.0
1008000,11/02/2020,Monday,evening,1008000evening2,0,28930,0,98,0,130,1.0
1008000,11/02/2020,Monday,evening,1008000evening3,0,28940,0,98,0,140,1.0
1008000,11/02/2020,Monday,evening,1008000evening8,0,28950,0,98,0,150,1.0
1008000,11/02/2020,Monday,evening,1008000evening7,0,28980,0,98,0,180,1.0
1008000,11/02/2020,Monday,evening,1008000evening5,0,29050,0,99,0,250,1.0
1008000,11/02/2020,Monday,evening,1008000evening6,0,29090,0,99,0,290,1.0
1036800,11/03/2020,Tuesday,morning,1036800morning2,2166,26660,0,90,0,26,0.9249272147511438
1036800,11/03/2020,Tuesday,morning,1036800morning1,2411,26500,0,90,0,111,0.9169250913100406
1065600,11/03/2020,Tuesday,afternoon,1065600afternoon4,1813,27080,0,92,0,93,0.9374525633064238
1065600,11/03/2020,Tuesday,afternoon,1065600afternoon3,2482,26420,0,88,0,102,0.9144255964694525
1065600,11/03/2020,Tuesday,afternoon,1065600afternoon1,2215,26690,0,90,0,105,0.9236470182695622
1065600,11/03/2020,Tuesday,afternoon,1065600afternoon5,1753,27190,0,92,0,143,0.9397304545141992
1065600,11/03/2020,Tuesday,afternoon,1065600afternoon2,2423,26610,0,90,0,233,0.917207681268366
1094400,11/03/2020,Tuesday,evening,1094400evening2,0,28910,0,98,0,110,1.0
1094400,11/03/2020,Tuesday,evening,1094400evening4,0,28920,0,98,0,120,1.0
1094400,11/03/2020,Tuesday,evening,1094400evening6,0,28950,0,98,0,150,1.0
1094400,11/03/2020,Tuesday,evening,1094400evening1,0,28960,0,98,0,160,1.0
1094400,11/03/2020,Tuesday,evening,1094400evening3,0,28990,0,98,0,190,1.0
1094400,11/03/2020,Tuesday,evening,1094400evening5,0,29010,0,98,0,210,1.0
1123200,11/04/2020,Wednesday,morning,1123200morning3,4600,24200,0,82,0,0,0.8402777777777778
1123200,11/04/2020,Wednesday,morning,1123200morning1,2900,25900,0,87,0,0,0.8993055555555556
1123200,11/04/2020,Wednesday,morning,1123200morning2,3900,24900,0,84,0,0,0.8645833333333334
1123200,11/04/2020,Wednesday,morning,1123200morning4,4427,24590,0,83,0,217,0.8485667373606075
1152000,11/04/2020,Wednesday,afternoon,1152000afternoon3,1852,26960,0,91,0,12,0.9357479877879544
1152000,11/04/2020,Wednesday,afternoon,1152000afternoon6,1887,26940,0,92,0,27,0.9346017883135787
1152000,11/04/2020,Wednesday,afternoon,1152000afternoon7,1603,27260,0,92,0,63,0.9445827283412846
1152000,11/04/2020,Wednesday,afternoon,1152000afternoon5,2258,26610,0,90,0,68,0.9219657174453968
1152000,11/04/2020,Wednesday,afternoon,1152000afternoon11,1960,26950,0,92,0,110,0.9324603721571331
1152000,11/04/2020,Wednesday,afternoon,1152000afternoon2,2542,26370,0,90,0,112,0.9124173098125689
1152000,11/04/2020,Wednesday,afternoon,1152000afternoon10,2645,26280,0,89,0,125,0.9089500860585198
1152000,11/04/2020,Wednesday,afternoon,1152000afternoon1,2678,26310,0,89,0,188,0.9082122292295037
1152000,11/04/2020,Wednesday,afternoon,1152000afternoon8,2144,26850,0,91,0,194,0.926545155543374
1152000,11/04/2020,Wednesday,afternoon,1152000afternoon9,2590,26430,0,90,0,220,0.9114227086183311
1152000,11/04/2020,Wednesday,afternoon,1152000afternoon4,1688,27370,0,93,0,258,0.9424205212170829
1180800,11/04/2020,Wednesday,evening,1180800evening3,0,28810,0,97,0,10,1.0
1180800,11/04/2020,Wednesday,evening,1180800evening13,0,28820,0,99,0,20,1.0
1180800,11/04/2020,Wednesday,evening,1180800evening4,0,28930,0,98,0,130,1.0
1180800,11/04/2020,Wednesday,evening,1180800evening6,0,28930,0,98,0,130,1.0
1180800,11/04/2020,Wednesday,evening,1180800evening8,0,28930,0,99,0,130,1.0
1180800,11/04/2020,Wednesday,evening,1180800evening9,0,28970,0,99,0,170,1.0
1180800,11/04/2020,Wednesday,evening,1180800evening11,0,28970,0,98,0,170,1.0
1180800,11/04/2020,Wednesday,evening,1180800evening2,0,28980,0,98,0,180,1.0
1180800,11/04/2020,Wednesday,evening,1180800evening5,0,29010,0,99,0,210,1.0
1180800,11/04/2020,Wednesday,evening,1180800evening7,0,29010,0,98,0,210,1.0
1180800,11/04/2020,Wednesday,evening,1180800evening10,0,29030,0,99,0,230,1.0
1180800,11/04/2020,Wednesday,evening,1180800evening14,0,29050,0,98,0,250,1.0
1180800,11/04/2020,Wednesday,evening,1180800evening1,0,29060,0,99,0,260,1.0
1180800,11/04/2020,Wednesday,evening,1180800evening12,0,29100,0,98,0,300,1.0
1209600,11/05/2020,Thursday,morning,1209600morning1,0,28810,0,98,0,10,1.0
1209600,11/05/2020,Thursday,morning,1209600morning2,0,28980,0,98,0,180,1.0
1238400,11/05/2020,Thursday,afternoon,1238400afternoon3,0,28860,0,98,0,60,1.0
1238400,11/05/2020,Thursday,afternoon,1238400afternoon2,0,28920,0,98,0,120,1.0
1238400,11/05/2020,Thursday,afternoon,1238400afternoon1,0,28940,0,98,0,140,1.0
1238400,11/05/2020,Thursday,afternoon,1238400afternoon4,0,29010,0,98,0,210,1.0
1238400,11/05/2020,Thursday,afternoon,1238400afternoon7,0,29030,0,98,0,230,1.0
1238400,11/05/2020,Thursday,afternoon,1238400afternoon5,0,29050,0,98,0,250,1.0
1238400,11/05/2020,Thursday,afternoon,1238400afternoon6,0,29080,0,99,0,280,1.0
1267200,11/05/2020,Thursday,evening,1267200evening8,0,28800,0,98,0,0,1.0
1267200,11/05/2020,Thursday,evening,1267200evening4,0,28800,0,97,0,0,1.0
1267200,11/05/2020,Thursday,evening,1267200evening1,0,28830,0,98,0,30,1.0
1267200,11/05/2020,Thursday,evening,1267200evening5,0,28950,0,98,0,150,1.0
1267200,11/05/2020,Thursday,evening,1267200evening6,0,28960,0,99,0,160,1.0
1267200,11/05/2020,Thursday,evening,1267200evening7,0,29000,0,98,0,200,1.0
1267200,11/05/2020,Thursday,evening,1267200evening3,0,29070,0,98,0,270,1.0
1267200,11/05/2020,Thursday,evening,1267200evening2,0,29090,0,99,0,290,1.0
1296000,11/06/2020,Friday,morning,1296000morning1,6626,22180,0,76,0,6,0.770026377898098
1296000,11/06/2020,Friday,morning,1296000morning5,7634,21180,0,72,0,14,0.7351880116553351
1296000,11/06/2020,Friday,morning,1296000morning6,8526,20470,0,69,0,196,0.7079336804604001
1296000,11/06/2020,Friday,morning,1296000morning3,7650,21350,0,73,0,200,0.738013698630137
1296000,11/06/2020,Friday,morning,1296000morning4,5547,23460,0,79,0,207,0.8101252823988498
1296000,11/06/2020,Friday,morning,1296000morning2,8151,20890,0,71,0,241,0.7216378662659655
1324800,11/06/2020,Friday,afternoon,1324800afternoon15,4253,24550,0,84,0,3,0.8523571478164271
1324800,11/06/2020,Friday,afternoon,1324800afternoon2,1753,27050,0,91,0,3,0.9391446226480594
1324800,11/06/2020,Friday,afternoon,1324800afternoon13,2758,26090,0,88,0,48,0.9045542635658915
1324800,11/06/2020,Friday,afternoon,1324800afternoon3,1328,27530,0,93,0,58,0.9540738691381934
1324800,11/06/2020,Friday,afternoon,1324800afternoon6,1572,27300,0,92,0,72,0.9456882255389718
1324800,11/06/2020,Friday,afternoon,1324800afternoon14,2680,26200,0,89,0,80,0.9074585635359116
1324800,11/06/2020,Friday,afternoon,1324800afternoon8,2553,26350,0,89,0,103,0.9119837275046542
1324800,11/06/2020,Friday,afternoon,1324800afternoon12,1866,27050,0,92,0,116,0.9357260953430697
1324800,11/06/2020,Friday,afternoon,1324800afternoon10,2957,25990,0,88,0,147,0.8983639238330927
1324800,11/06/2020,Friday,afternoon,1324800afternoon5,1668,27290,0,93,0,158,0.9427119109767825
1324800,11/06/2020,Friday,afternoon,1324800afternoon9,2490,26490,0,90,0,180,0.9146090534979424
1324800,11/06/2020,Friday,afternoon,1324800afternoon16,5460,23530,0,79,0,190,0.8128855380397533
1324800,11/06/2020,Friday,afternoon,1324800afternoon4,2193,26800,0,91,0,193,0.9248612348386213
1324800,11/06/2020,Friday,afternoon,1324800afternoon7,2274,26730,0,90,0,204,0.9221446179129006
1324800,11/06/2020,Friday,afternoon,1324800afternoon1,1601,27440,0,93,0,241,0.9453247728980261
1324800,11/06/2020,Friday,afternoon,1324800afternoon11,2214,26870,0,91,0,284,0.9246118223917189
1353600,11/06/2020,Friday,evening,1353600evening4,0,28800,0,97,0,0,1.0
1353600,11/06/2020,Friday,evening,1353600evening18,0,28800,0,98,0,0,1.0
1353600,11/06/2020,Friday,evening,1353600evening14,0,28800,0,98,0,0,1.0
1353600,11/06/2020,Friday,evening,1353600evening2,0,28810,0,98,0,10,1.0
1353600,11/06/2020,Friday,evening,1353600evening16,0,28810,0,98,0,10,1.0
1353600,11/06/2020,Friday,evening,1353600evening12,0,28820,0,97,0,20,1.0
1353600,11/06/2020,Friday,evening,1353600evening17,0,28830,0,98,0,30,1.0
1353600,11/06/2020,Friday,evening,1353600evening15,0,28860,0,98,0,60,1.0
1353600,11/06/2020,Friday,evening,1353600evening1,0,28890,0,97,0,90,1.0
1353600,11/06/2020,Friday,evening,1353600evening6,0,28900,0,98,0,100,1.0
1353600,11/06/2020,Friday,evening,1353600evening13,0,28910,0,98,0,110,1.0
1353600,11/06/2020,Friday,evening,1353600evening9,0,28960,0,98,0,160,1.0
1353600,11/06/2020,Friday,evening,1353600evening7,0,28980,0,98,0,180,1.0
1353600,11/06/2020,Friday,evening,1353600evening3,0,29000,0,98,0,200,1.0
1353600,11/06/2020,Friday,evening,1353600evening8,0,29020,0,99,0,220,1.0
1353600,11/06/2020,Friday,evening,1353600evening11,0,29030,0,99,0,230,1.0
1353600,11/06/2020,Friday,evening,1353600evening5,0,29040,0,98,0,240,1.0
1353600,11/06/2020,Friday,evening,1353600evening10,0,29100,0,98,0,300,1.0
1382400,11/07/2020,Saturday,morning,1382400morning1,0,28830,0,97,0,30,1.0
1382400,11/07/2020,Saturday,morning,1382400morning4,0,28870,0,98,0,70,1.0
1382400,11/07/2020,Saturday,morning,1382400morning3,0,28990,0,98,0,190,1.0
1382400,11/07/2020,Saturday,morning,1382400morning2,0,29030,0,98,0,230,1.0
1411200,11/07/2020,Saturday,afternoon,1411200afternoon12,0,28800,0,98,0,0,1.0
1411200,11/07/2020,Saturday,afternoon,1411200afternoon5,0,28810,0,97,0,10,1.0
1411200,11/07/2020,Saturday,afternoon,1411200afternoon11,0,28820,0,97,0,20,1.0
1411200,11/07/2020,Saturday,afternoon,1411200afternoon15,0,28830,0,98,0,30,1.0
1411200,11/07/2020,Saturday,afternoon,1411200afternoon1,0,28840,0,98,0,40,1.0
1411200,11/07/2020,Saturday,afternoon,1411200afternoon7,0,28840,0,98,0,40,1.0
1411200,11/07/2020,Saturday,afternoon,1411200afternoon8,0,28850,0,98,0,50,1.0
1411200,11/07/2020,Saturday,afternoon,1411200afternoon2,0,28880,0,98,0,80,1.0
1411200,11/07/2020,Saturday,afternoon,1411200afternoon3,0,28880,0,98,0,80,1.0
1411200,11/07/2020,Saturday,afternoon,1411200afternoon14,0,28900,0,97,0,100,1.0
1411200,11/07/2020,Saturday,afternoon,1411200afternoon10,0,28920,0,98,0,120,1.0
1411200,11/07/2020,Saturday,afternoon,1411200afternoon6,0,28960,0,98,0,160,1.0
1411200,11/07/2020,Saturday,afternoon,1411200afternoon4,0,28990,0,98,0,190,1.0
1411200,11/07/2020,Saturday,afternoon,1411200afternoon13,0,29010,0,98,0,210,1.0
1411200,11/07/2020,Saturday,afternoon,1411200afternoon17,0,29050,0,98,0,250,1.0
1411200,11/07/2020,Saturday,afternoon,1411200afternoon16,0,29070,0,98,0,270,1.0
1411200,11/07/2020,Saturday,afternoon,1411200afternoon9,0,29070,0,99,0,270,1.0
1440000,11/07/2020,Saturday,evening,1440000evening6,0,28800,0,98,0,0,1.0
1440000,11/07/2020,Saturday,evening,1440000evening16,0,28800,0,98,0,0,1.0
1440000,11/07/2020,Saturday,evening,1440000evening18,0,28860,0,97,0,60,1.0
1440000,11/07/2020,Saturday,evening,1440000evening10,0,28860,0,98,0,60,1.0
1440000,11/07/2020,Saturday,evening,1440000evening4,0,28860,0,98,0,60,1.0
1440000,11/07/2020,Saturday,evening,1440000evening3,0,28890,0,98,0,90,1.0
1440000,11/07/2020,Saturday,evening,1440000evening7,0,28890,0,98,0,90,1.0
1440000,11/07/2020,Saturday,evening,1440000evening9,0,28940,0,98,0,140,1.0
1440000,11/07/2020,Saturday,evening,1440000evening12,0,28940,0,98,0,140,1.0
1440000,11/07/2020,Saturday,evening,1440000evening11,0,28950,0,98,0,150,1.0
1440000,11/07/2020,Saturday,evening,1440000evening14,0,28960,0,99,0,160,1.0
1440000,11/07/2020,Saturday,evening,1440000evening17,0,28990,0,98,0,190,1.0
1440000,11/07/2020,Saturday,evening,1440000evening1,0,28990,0,98,0,190,1.0
1440000,11/07/2020,Saturday,evening,1440000evening15,0,29010,0,98,0,210,1.0
1440000,11/07/2020,Saturday,evening,1440000evening8,0,29020,0,98,0,220,1.0
1440000,11/07/2020,Saturday,evening,1440000evening19,0,29040,0,98,0,240,1.0
1440000,11/07/2020,Saturday,evening,1440000evening2,0,29060,0,98,0,260,1.0
1440000,11/07/2020,Saturday,evening,1440000evening13,0,29060,0,98,0,260,1.0
1440000,11/07/2020,Saturday,evening,1440000evening5,0,29080,0,99,0,280,1.0
1468800,11/08/2020,Sunday,morning,1468800morning4,380,28420,0,96,0,0,0.9868055555555556
1468800,11/08/2020,Sunday,morning,1468800morning3,180,28620,0,97,0,0,0.99375
1468800,11/08/2020,Sunday,morning,1468800morning6,200,28600,0,96,0,0,0.9930555555555556
1468800,11/08/2020,Sunday,morning,1468800morning5,330,28470,0,96,0,0,0.9885416666666667
1468800,11/08/2020,Sunday,morning,1468800morning1,540,28260,0,96,0,0,0.98125
1468800,11/08/2020,Sunday,morning,1468800morning7,560,28240,0,96,0,0,0.9805555555555555
1468800,11/08/2020,Sunday,morning,1468800morning2,154,28680,0,97,0,34,0.9946653734238603
1497600,11/08/2020,Sunday,afternoon,1497600afternoon11,2781,26040,0,88,0,21,0.9035781152485958
1497600,11/08/2020,Sunday,afternoon,1497600afternoon4,1954,26870,0,91,0,24,0.9322656683305601
1497600,11/08/2020,Sunday,afternoon,1497600afternoon5,2097,26740,0,91,0,37,0.9273741081942232
1497600,11/08/2020,Sunday,afternoon,1497600afternoon10,1770,27100,0,92,0,70,0.9388389771941948
1497600,11/08/2020,Sunday,afternoon,1497600afternoon6,1004,27870,0,95,0,74,0.9653171203537377
1497600,11/08/2020,Sunday,afternoon,1497600afternoon1,970,27910,0,94,0,80,0.9665055248618785
1497600,11/08/2020,Sunday,afternoon,1497600afternoon12,2005,26880,0,91,0,85,0.9307904729030031
1497600,11/08/2020,Sunday,afternoon,1497600afternoon7,2241,26650,0,90,0,91,0.9226761438134015
1497600,11/08/2020,Sunday,afternoon,1497600afternoon9,1466,27500,0,93,0,166,0.9496773307702869
1497600,11/08/2020,Sunday,afternoon,1497600afternoon2,1284,27720,0,94,0,204,0.9560394412489729
1497600,11/08/2020,Sunday,afternoon,1497600afternoon13,992,28040,0,95,0,232,0.9661016949152542
1497600,11/08/2020,Sunday,afternoon,1497600afternoon8,849,28220,0,96,0,269,0.9710614220464926
1497600,11/08/2020,Sunday,afternoon,1497600afternoon3,430,28650,0,97,0,280,0.9853542234332425
1526400,11/08/2020,Sunday,evening,1526400evening7,0,28820,0,98,0,20,1.0
1526400,11/08/2020,Sunday,evening,1526400evening14,0,28820,0,98,0,20,1.0
1526400,11/08/2020,Sunday,evening,1526400evening16,0,28860,0,98,0,60,1.0
1526400,11/08/2020,Sunday,evening,1526400evening10,0,28860,0,98,0,60,1.0
1526400,11/08/2020,Sunday,evening,1526400evening9,0,28880,0,98,0,80,1.0
1526400,11/08/2020,Sunday,evening,1526400evening2,0,28890,0,98,0,90,1.0
1526400,11/08/2020,Sunday,evening,1526400evening6,0,28910,0,98,0,110,1.0
1526400,11/08/2020,Sunday,evening,1526400evening5,0,28920,0,98,0,120,1.0
1526400,11/08/2020,Sunday,evening,1526400evening3,0,28920,0,99,0,120,1.0
1526400,11/08/2020,Sunday,evening,1526400evening11,0,28930,0,98,0,130,1.0
1526400,11/08/2020,Sunday,evening,1526400evening8,0,28980,0,97,0,180,1.0
1526400,11/08/2020,Sunday,evening,1526400evening12,0,29030,0,99,0,230,1.0
1526400,11/08/2020,Sunday,evening,1526400evening15,0,29040,0,98,0,240,1.0
1526400,11/08/2020,Sunday,evening,1526400evening1,0,29050,0,99,0,250,1.0
1526400,11/08/2020,Sunday,evening,1526400evening4,0,29060,0,98,0,260,1.0
1526400,11/08/2020,Sunday,evening,1526400evening13,0,29070,0,98,0,270,1.0
1555200,11/09/2020,Monday,morning,1555200morning2,11690,17110,0,58,0,0,0.5940972222222223
1555200,11/09/2020,Monday,morning,1555200morning5,15560,13240,0,45,0,0,0.4597222222222222
1555200,11/09/2020,Monday,morning,1555200morning1,16360,12510,0,43,0,70,0.4346924671734623
1555200,11/09/2020,Monday,morning,1555200morning4,13450,15490,0,53,0,140,0.5374828060522696
1555200,11/09/2020,Monday,morning,1555200morning3,17436,11550,0,39,0,186,0.402303578774167
1584000,11/09/2020,Monday,afternoon,1584000afternoon2,1924,27010,0,91,0,134,0.9338103756708408
1584000,11/09/2020,Monday,afternoon,1584000afternoon5,1220,27720,0,95,0,140,0.9580467675378267
1584000,11/09/2020,Monday,afternoon,1584000afternoon3,863,28090,0,95,0,153,0.9703497560640417
1584000,11/09/2020,Monday,afternoon,1584000afternoon6,1364,27610,0,93,0,174,0.9532043364896391
1584000,11/09/2020,Monday,afternoon,1584000afternoon4,765,28210,0,96,0,175,0.9737564322469983
1584000,11/09/2020,Monday,afternoon,1584000afternoon1,1303,27760,0,94,0,263,0.9555684375639364
1612800,11/09/2020,Monday,evening,1612800evening1,0,28820,0,98,0,20,1.0
1612800,11/09/2020,Monday,evening,1612800evening4,0,28820,0,97,0,20,1.0
1612800,11/09/2020,Monday,evening,1612800evening2,0,28890,0,98,0,90,1.0
1612800,11/09/2020,Monday,evening,1612800evening9,0,28910,0,98,0,110,1.0
1612800,11/09/2020,Monday,evening,1612800evening8,0,29000,0,98,0,200,1.0
1612800,11/09/2020,Monday,evening,1612800evening5,0,29020,0,98,0,220,1.0
1612800,11/09/2020,Monday,evening,1612800evening3,0,29070,0,99,0,270,1.0
1612800,11/09/2020,Monday,evening,1612800evening6,0,29070,0,99,0,270,1.0
1612800,11/09/2020,Monday,evening,1612800evening7,0,29070,0,99,0,270,1.0
1641600,11/10/2020,Tuesday,morning,1641600morning1,1121,27870,0,95,0,191,0.9615859091220615
1641600,11/10/2020,Tuesday,morning,1641600morning2,2030,27010,0,92,0,240,0.9306693989071039
1670400,11/10/2020,Tuesday,afternoon,1670400afternoon5,4035,24770,0,84,0,5,0.8599444637278723
1670400,11/10/2020,Tuesday,afternoon,1670400afternoon2,2464,26430,0,89,0,94,0.9149993100593349
1670400,11/10/2020,Tuesday,afternoon,1670400afternoon4,2040,26930,0,92,0,170,0.9299931365820179
1670400,11/10/2020,Tuesday,afternoon,1670400afternoon3,2708,26320,0,89,0,228,0.9074377905386929
1670400,11/10/2020,Tuesday,afternoon,1670400afternoon1,2152,26920,0,91,0,272,0.9266630316248636
1699200,11/10/2020,Tuesday,evening,1699200evening4,0,28890,0,98,0,90,1.0
1699200,11/10/2020,Tuesday,evening,1699200evening5,0,28930,0,98,0,130,1.0
1699200,11/10/2020,Tuesday,evening,1699200evening3,0,28930,0,98,0,130,1.0
1699200,11/10/2020,Tuesday,evening,1699200evening6,0,28960,0,98,0,160,1.0
1699200,11/10/2020,Tuesday,evening,1699200evening1,0,28960,0,98,0,160,1.0
1699200,11/10/2020,Tuesday,evening,1699200evening2,0,29000,0,98,0,200,1.0
1728000,11/11/2020,Wednesday,morning,1728000morning4,5580,23290,0,78,0,70,0.8071872840359364
1728000,11/11/2020,Wednesday,morning,1728000morning1,6115,22770,0,77,0,85,0.7889195719710045
1728000,11/11/2020,Wednesday,morning,1728000morning3,6473,22540,0,76,0,213,0.7785191268048998
1728000,11/11/2020,Wednesday,morning,1728000morning2,6207,22820,0,77,0,227,0.787823887331647
1756800,11/11/2020,Wednesday,afternoon,1756800afternoon9,1577,27260,0,93,0,37,0.945383389900949
1756800,11/11/2020,Wednesday,afternoon,1756800afternoon3,830,28020,0,95,0,50,0.971280276816609
1756800,11/11/2020,Wednesday,afternoon,1756800afternoon5,1928,26930,0,91,0,58,0.9333241112187024
1756800,11/11/2020,Wednesday,afternoon,1756800afternoon7,1520,27340,0,93,0,60,0.9474412171507607
1756800,11/11/2020,Wednesday,afternoon,1756800afternoon8,2622,26320,0,89,0,142,0.9098473387429514
1756800,11/11/2020,Wednesday,afternoon,1756800afternoon2,1636,27310,0,92,0,146,0.943764608827169
1756800,11/11/2020,Wednesday,afternoon,1756800afternoon6,1930,27020,0,91,0,150,0.9336769759450172
1756800,11/11/2020,Wednesday,afternoon,1756800afternoon10,2132,26840,0,91,0,172,0.9268460060389788
1756800,11/11/2020,Wednesday,afternoon,1756800afternoon11,1744,27260,0,92,0,204,0.9402903314160505
1756800,11/11/2020,Wednesday,afternoon,1756800afternoon1,1928,27080,0,92,0,208,0.9340087623220154
1756800,11/11/2020,Wednesday,afternoon,1756800afternoon4,1313,27780,0,94,0,293,0.955318859320765
1785600,11/11/2020,Wednesday,evening,1785600evening12,0,28800,0,98,0,0,1.0
